L_beam_mm,DeltaT_K,P_total_mW,P_PEH_mW,P_TEG_mW
25.0,5.0,11.0829,9.629,1.5272
25.0,6.53,12.3472,9.629,2.6019
25.0,8.06,13.5525,9.629,3.959
25.0,9.59,15.157,9.629,5.5974
25.0,11.12,16.5788,9.629,7.5156
25.0,12.65,18.3134,9.629,9.7124
25.0,14.18,20.7685,9.629,12.1862
25.0,15.71,23.9014,9.629,14.9358
25.0,17.24,26.8976,9.629,17.9596
25.0,18.78,30.6104,9.629,21.256
25.0,20.31,33.877,9.629,24.8237
25.0,21.84,38.1094,9.629,28.6609
25.0,23.37,42.2093,9.629,32.7661
25.0,24.9,46.2854,9.629,37.1376
25.0,26.43,51.4007,9.629,41.7737
25.0,27.96,55.3947,9.629,46.6729
25.0,29.49,60.0386,9.629,51.8332
25.0,31.02,65.6548,9.629,57.2531
25.0,32.55,72.3941,9.629,62.9307
25.0,34.08,78.3865,9.629,68.8641
25.0,35.61,83.7786,9.629,75.0517
25.0,37.14,90.9206,9.629,81.4915
25.0,38.67,97.4609,9.629,88.1817
25.0,40.2,104.4017,9.629,95.1059
25.0,41.73,110.423,9.629,102.1726
25.0,43.27,116.5418,9.629,109.4669
25.0,44.8,123.7624,9.629,116.986
25.0,46.33,131.12,9.629,124.7271
25.0,47.86,138.2827,9.629,132.6873
25.0,49.39,147.9255,9.629,140.864
25.0,50.92,156.2498,9.629,149.2542
25.0,52.45,167.5058,9.629,157.8553
25.0,53.98,176.1795,9.629,166.6642
25.0,55.51,186.9678,9.629,175.6784
25.0,57.04,195.0837,9.629,184.8948
25.0,58.57,201.8256,9.629,194.3107
25.0,60.1,210.386,9.629,203.9233
25.0,61.63,219.2208,9.629,213.7298
25.0,63.16,225.1155,9.629,223.7272
25.0,64.69,240.155,9.629,233.9128
25.0,66.22,250.4995,9.629,244.2838
25.0,67.76,265.8549,9.629,254.8373
25.0,69.29,278.4391,9.629,265.5705
25.0,70.82,281.8443,9.629,276.4807
25.0,72.35,293.1874,9.629,287.5649
25.0,73.88,303.7288,9.629,298.8203
25.0,75.41,320.9718,9.629,310.2443
25.0,76.94,331.0899,9.629,321.8339
25.0,78.47,347.8458,9.629,333.5863
25.0,80.0,359.5386,9.629,345.4989
25.82,5.0,11.6342,10.1245,1.5272
25.82,6.53,12.5681,10.1245,2.6019
25.82,8.06,14.0619,10.1245,3.959
25.82,9.59,15.3733,10.1245,5.5974
25.82,11.12,17.3511,10.1245,7.5156
25.82,12.65,19.5155,10.1245,9.7124
25.82,14.18,21.796,10.1245,12.1862
25.82,15.71,24.7355,10.1245,14.9358
25.82,17.24,27.5199,10.1245,17.9596
25.82,18.78,30.6172,10.1245,21.256
25.82,20.31,34.2338,10.1245,24.8237
25.82,21.84,37.5847,10.1245,28.6609
25.82,23.37,41.5747,10.1245,32.7661
25.82,24.9,47.0113,10.1245,37.1376
25.82,26.43,52.1706,10.1245,41.7737
25.82,27.96,56.1285,10.1245,46.6729
25.82,29.49,61.6536,10.1245,51.8332
25.82,31.02,66.3838,10.1245,57.2531
25.82,32.55,72.4074,10.1245,62.9307
25.82,34.08,78.327,10.1245,68.8641
25.82,35.61,84.8497,10.1245,75.0517
25.82,37.14,91.9619,10.1245,81.4915
25.82,38.67,97.6805,10.1245,88.1817
25.82,40.2,104.8848,10.1245,95.1059
25.82,41.73,111.3177,10.1245,102.1726
25.82,43.27,117.7494,10.1245,109.4669
25.82,44.8,124.6186,10.1245,116.986
25.82,46.33,134.5781,10.1245,124.7271
25.82,47.86,144.6981,10.1245,132.6873
25.82,49.39,153.0172,10.1245,140.864
25.82,50.92,160.7715,10.1245,149.2542
25.82,52.45,171.1688,10.1245,157.8553
25.82,53.98,177.8808,10.1245,166.6642
25.82,55.51,188.0506,10.1245,175.6784
25.82,57.04,196.6159,10.1245,184.8948
25.82,58.57,205.6151,10.1245,194.3107
25.82,60.1,216.1838,10.1245,203.9233
25.82,61.63,223.8863,10.1245,213.7298
25.82,63.16,235.5773,10.1245,223.7272
25.82,64.69,244.7874,10.1245,233.9128
25.82,66.22,253.0957,10.1245,244.2838
25.82,67.76,263.8653,10.1245,254.8373
25.82,69.29,276.144,10.1245,265.5705
25.82,70.82,291.7966,10.1245,276.4807
25.82,72.35,300.9206,10.1245,287.5649
25.82,73.88,310.5791,10.1245,298.8203
25.82,75.41,321.8656,10.1245,310.2443
25.82,76.94,336.9062,10.1245,321.8339
25.82,78.47,340.0098,10.1245,333.5863
25.82,80.0,347.9353,10.1245,345.4989
26.63,5.0,11.9579,10.6282,1.5272
26.63,6.53,13.0442,10.6282,2.6019
26.63,8.06,14.1444,10.6282,3.959
26.63,9.59,15.5751,10.6282,5.5974
26.63,11.12,17.1671,10.6282,7.5156
26.63,12.65,19.4383,10.6282,9.7124
26.63,14.18,22.047,10.6282,12.1862
26.63,15.71,24.8494,10.6282,14.9358
26.63,17.24,28.1258,10.6282,17.9596
26.63,18.78,31.9157,10.6282,21.256
26.63,20.31,35.7708,10.6282,24.8237
26.63,21.84,39.2727,10.6282,28.6609
26.63,23.37,42.5637,10.6282,32.7661
26.63,24.9,47.2602,10.6282,37.1376
26.63,26.43,51.8072,10.6282,41.7737
26.63,27.96,55.7778,10.6282,46.6729
26.63,29.49,60.6594,10.6282,51.8332
26.63,31.02,66.7641,10.6282,57.2531
26.63,32.55,73.4475,10.6282,62.9307
26.63,34.08,79.1005,10.6282,68.8641
26.63,35.61,84.3135,10.6282,75.0517
26.63,37.14,91.4919,10.6282,81.4915
26.63,38.67,98.6646,10.6282,88.1817
26.63,40.2,106.1142,10.6282,95.1059
26.63,41.73,113.9435,10.6282,102.1726
26.63,43.27,120.8663,10.6282,109.4669
26.63,44.8,127.4012,10.6282,116.986
26.63,46.33,134.9349,10.6282,124.7271
26.63,47.86,143.2434,10.6282,132.6873
26.63,49.39,150.6097,10.6282,140.864
26.63,50.92,157.8409,10.6282,149.2542
26.63,52.45,167.2417,10.6282,157.8553
26.63,53.98,178.4153,10.6282,166.6642
26.63,55.51,189.9593,10.6282,175.6784
26.63,57.04,198.3653,10.6282,184.8948
26.63,58.57,207.204,10.6282,194.3107
26.63,60.1,216.6453,10.6282,203.9233
26.63,61.63,226.2445,10.6282,213.7298
26.63,63.16,236.8683,10.6282,223.7272
26.63,64.69,241.6285,10.6282,233.9128
26.63,66.22,249.5987,10.6282,244.2838
26.63,67.76,258.7446,10.6282,254.8373
26.63,69.29,266.589,10.6282,265.5705
26.63,70.82,282.9723,10.6282,276.4807
26.63,72.35,295.5871,10.6282,287.5649
26.63,73.88,304.2234,10.6282,298.8203
26.63,75.41,317.2086,10.6282,310.2443
26.63,76.94,333.7817,10.6282,321.8339
26.63,78.47,344.9282,10.6282,333.5863
26.63,80.0,361.1188,10.6282,345.4989
27.45,5.0,12.8577,11.1401,1.5272
27.45,6.53,13.8259,11.1401,2.6019
27.45,8.06,15.0596,11.1401,3.959
27.45,9.59,16.5737,11.1401,5.5974
27.45,11.12,18.1388,11.1401,7.5156
27.45,12.65,19.9879,11.1401,9.7124
27.45,14.18,22.243,11.1401,12.1862
27.45,15.71,25.2019,11.1401,14.9358
27.45,17.24,28.1703,11.1401,17.9596
27.45,18.78,31.3992,11.1401,21.256
27.45,20.31,34.985,11.1401,24.8237
27.45,21.84,39.0277,11.1401,28.6609
27.45,23.37,43.7641,11.1401,32.7661
27.45,24.9,48.2672,11.1401,37.1376
27.45,26.43,52.1907,11.1401,41.7737
27.45,27.96,56.8142,11.1401,46.6729
27.45,29.49,61.3438,11.1401,51.8332
27.45,31.02,68.1654,11.1401,57.2531
27.45,32.55,73.3752,11.1401,62.9307
27.45,34.08,78.7436,11.1401,68.8641
27.45,35.61,84.9441,11.1401,75.0517
27.45,37.14,91.4876,11.1401,81.4915
27.45,38.67,96.9337,11.1401,88.1817
27.45,40.2,103.633,11.1401,95.1059
27.45,41.73,112.398,11.1401,102.1726
27.45,43.27,118.1862,11.1401,109.4669
27.45,44.8,126.4782,11.1401,116.986
27.45,46.33,132.7987,11.1401,124.7271
27.45,47.86,144.146,11.1401,132.6873
27.45,49.39,151.5396,11.1401,140.864
27.45,50.92,157.9201,11.1401,149.2542
27.45,52.45,168.2765,11.1401,157.8553
27.45,53.98,178.4975,11.1401,166.6642
27.45,55.51,185.2698,11.1401,175.6784
27.45,57.04,194.6768,11.1401,184.8948
27.45,58.57,205.9052,11.1401,194.3107
27.45,60.1,216.0066,11.1401,203.9233
27.45,61.63,227.3238,11.1401,213.7298
27.45,63.16,237.8702,11.1401,223.7272
27.45,64.69,248.9979,11.1401,233.9128
27.45,66.22,260.5819,11.1401,244.2838
27.45,67.76,270.7387,11.1401,254.8373
27.45,69.29,281.1242,11.1401,265.5705
27.45,70.82,291.5108,11.1401,276.4807
27.45,72.35,299.4089,11.1401,287.5649
27.45,73.88,307.4747,11.1401,298.8203
27.45,75.41,325.8951,11.1401,310.2443
27.45,76.94,331.4029,11.1401,321.8339
27.45,78.47,345.2228,11.1401,333.5863
27.45,80.0,356.0809,11.1401,345.4989
28.27,5.0,13.1588,11.6599,1.5272
28.27,6.53,14.315,11.6599,2.6019
28.27,8.06,15.3174,11.6599,3.959
28.27,9.59,16.8012,11.6599,5.5974
28.27,11.12,18.4661,11.6599,7.5156
28.27,12.65,20.4304,11.6599,9.7124
28.27,14.18,22.8062,11.6599,12.1862
28.27,15.71,25.6336,11.6599,14.9358
28.27,17.24,28.6759,11.6599,17.9596
28.27,18.78,31.7658,11.6599,21.256
28.27,20.31,35.8057,11.6599,24.8237
28.27,21.84,39.9755,11.6599,28.6609
28.27,23.37,43.1289,11.6599,32.7661
28.27,24.9,47.4834,11.6599,37.1376
28.27,26.43,51.9177,11.6599,41.7737
28.27,27.96,57.1111,11.6599,46.6729
28.27,29.49,63.1867,11.6599,51.8332
28.27,31.02,69.2262,11.6599,57.2531
28.27,32.55,73.9896,11.6599,62.9307
28.27,34.08,79.2587,11.6599,68.8641
28.27,35.61,86.6239,11.6599,75.0517
28.27,37.14,93.2769,11.6599,81.4915
28.27,38.67,100.0206,11.6599,88.1817
28.27,40.2,105.6373,11.6599,95.1059
28.27,41.73,113.5008,11.6599,102.1726
28.27,43.27,119.3573,11.6599,109.4669
28.27,44.8,128.9035,11.6599,116.986
28.27,46.33,139.644,11.6599,124.7271
28.27,47.86,146.0135,11.6599,132.6873
28.27,49.39,153.6268,11.6599,140.864
28.27,50.92,162.3917,11.6599,149.2542
28.27,52.45,169.8735,11.6599,157.8553
28.27,53.98,178.2163,11.6599,166.6642
28.27,55.51,186.7573,11.6599,175.6784
28.27,57.04,196.8176,11.6599,184.8948
28.27,58.57,205.0363,11.6599,194.3107
28.27,60.1,208.7311,11.6599,203.9233
28.27,61.63,217.4394,11.6599,213.7298
28.27,63.16,232.7406,11.6599,223.7272
28.27,64.69,244.7654,11.6599,233.9128
28.27,66.22,251.4712,11.6599,244.2838
28.27,67.76,264.0388,11.6599,254.8373
28.27,69.29,280.1889,11.6599,265.5705
28.27,70.82,292.5785,11.6599,276.4807
28.27,72.35,296.5412,11.6599,287.5649
28.27,73.88,306.2695,11.6599,298.8203
28.27,75.41,322.7212,11.6599,310.2443
28.27,76.94,338.3816,11.6599,321.8339
28.27,78.47,351.3142,11.6599,333.5863
28.27,80.0,360.4712,11.6599,345.4989
29.08,5.0,13.662,12.1875,1.5272
29.08,6.53,14.6726,12.1875,2.6019
29.08,8.06,16.1084,12.1875,3.959
29.08,9.59,17.4615,12.1875,5.5974
29.08,11.12,18.9123,12.1875,7.5156
29.08,12.65,21.0128,12.1875,9.7124
29.08,14.18,22.7219,12.1875,12.1862
29.08,15.71,25.5244,12.1875,14.9358
29.08,17.24,29.031,12.1875,17.9596
29.08,18.78,32.6645,12.1875,21.256
29.08,20.31,36.456,12.1875,24.8237
29.08,21.84,40.1094,12.1875,28.6609
29.08,23.37,44.595,12.1875,32.7661
29.08,24.9,47.6892,12.1875,37.1376
29.08,26.43,52.5273,12.1875,41.7737
29.08,27.96,58.5798,12.1875,46.6729
29.08,29.49,63.9033,12.1875,51.8332
29.08,31.02,68.6598,12.1875,57.2531
29.08,32.55,74.092,12.1875,62.9307
29.08,34.08,78.9968,12.1875,68.8641
29.08,35.61,84.7266,12.1875,75.0517
29.08,37.14,91.8428,12.1875,81.4915
29.08,38.67,97.3408,12.1875,88.1817
29.08,40.2,104.647,12.1875,95.1059
29.08,41.73,112.4862,12.1875,102.1726
29.08,43.27,119.1439,12.1875,109.4669
29.08,44.8,127.5018,12.1875,116.986
29.08,46.33,135.9331,12.1875,124.7271
29.08,47.86,143.4287,12.1875,132.6873
29.08,49.39,151.0307,12.1875,140.864
29.08,50.92,158.5012,12.1875,149.2542
29.08,52.45,169.1416,12.1875,157.8553
29.08,53.98,179.3713,12.1875,166.6642
29.08,55.51,186.2255,12.1875,175.6784
29.08,57.04,197.6488,12.1875,184.8948
29.08,58.57,208.7317,12.1875,194.3107
29.08,60.1,219.3691,12.1875,203.9233
29.08,61.63,233.3445,12.1875,213.7298
29.08,63.16,241.7655,12.1875,223.7272
29.08,64.69,249.6694,12.1875,233.9128
29.08,66.22,256.428,12.1875,244.2838
29.08,67.76,264.0044,12.1875,254.8373
29.08,69.29,275.3445,12.1875,265.5705
29.08,70.82,291.3904,12.1875,276.4807
29.08,72.35,302.915,12.1875,287.5649
29.08,73.88,307.4214,12.1875,298.8203
29.08,75.41,323.2156,12.1875,310.2443
29.08,76.94,329.9861,12.1875,321.8339
29.08,78.47,346.0112,12.1875,333.5863
29.08,80.0,355.2626,12.1875,345.4989
29.9,5.0,14.0597,12.7227,1.5272
29.9,6.53,15.2168,12.7227,2.6019
29.9,8.06,16.4668,12.7227,3.959
29.9,9.59,17.7514,12.7227,5.5974
29.9,11.12,19.747,12.7227,7.5156
29.9,12.65,21.3934,12.7227,9.7124
29.9,14.18,23.767,12.7227,12.1862
29.9,15.71,26.4778,12.7227,14.9358
29.9,17.24,29.6542,12.7227,17.9596
29.9,18.78,32.5962,12.7227,21.256
29.9,20.31,37.46,12.7227,24.8237
29.9,21.84,40.9495,12.7227,28.6609
29.9,23.37,44.5232,12.7227,32.7661
29.9,24.9,48.6584,12.7227,37.1376
29.9,26.43,53.5132,12.7227,41.7737
29.9,27.96,58.7309,12.7227,46.6729
29.9,29.49,64.0825,12.7227,51.8332
29.9,31.02,69.5436,12.7227,57.2531
29.9,32.55,74.3481,12.7227,62.9307
29.9,34.08,81.7827,12.7227,68.8641
29.9,35.61,88.857,12.7227,75.0517
29.9,37.14,93.1724,12.7227,81.4915
29.9,38.67,99.5909,12.7227,88.1817
29.9,40.2,108.0753,12.7227,95.1059
29.9,41.73,114.7856,12.7227,102.1726
29.9,43.27,122.7402,12.7227,109.4669
29.9,44.8,130.7591,12.7227,116.986
29.9,46.33,138.1817,12.7227,124.7271
29.9,47.86,147.833,12.7227,132.6873
29.9,49.39,157.8009,12.7227,140.864
29.9,50.92,162.8196,12.7227,149.2542
29.9,52.45,171.3175,12.7227,157.8553
29.9,53.98,180.5588,12.7227,166.6642
29.9,55.51,192.9297,12.7227,175.6784
29.9,57.04,199.3742,12.7227,184.8948
29.9,58.57,211.979,12.7227,194.3107
29.9,60.1,216.9743,12.7227,203.9233
29.9,61.63,228.7538,12.7227,213.7298
29.9,63.16,241.7261,12.7227,223.7272
29.9,64.69,253.5981,12.7227,233.9128
29.9,66.22,261.3837,12.7227,244.2838
29.9,67.76,269.7694,12.7227,254.8373
29.9,69.29,288.0663,12.7227,265.5705
29.9,70.82,294.5434,12.7227,276.4807
29.9,72.35,298.1912,12.7227,287.5649
29.9,73.88,309.9891,12.7227,298.8203
29.9,75.41,323.1043,12.7227,310.2443
29.9,76.94,330.1773,12.7227,321.8339
29.9,78.47,345.279,12.7227,333.5863
29.9,80.0,350.4202,12.7227,345.4989
30.71,5.0,14.3773,13.2654,1.5272
30.71,6.53,15.2581,13.2654,2.6019
30.71,8.06,16.7706,13.2654,3.959
30.71,9.59,18.4582,13.2654,5.5974
30.71,11.12,19.8905,13.2654,7.5156
30.71,12.65,21.8975,13.2654,9.7124
30.71,14.18,24.3892,13.2654,12.1862
30.71,15.71,27.0339,13.2654,14.9358
30.71,17.24,30.6911,13.2654,17.9596
30.71,18.78,33.4616,13.2654,21.256
30.71,20.31,36.8194,13.2654,24.8237
30.71,21.84,41.2789,13.2654,28.6609
30.71,23.37,45.2705,13.2654,32.7661
30.71,24.9,49.0891,13.2654,37.1376
30.71,26.43,53.5004,13.2654,41.7737
30.71,27.96,58.8164,13.2654,46.6729
30.71,29.49,64.7139,13.2654,51.8332
30.71,31.02,69.8707,13.2654,57.2531
30.71,32.55,75.5722,13.2654,62.9307
30.71,34.08,82.3834,13.2654,68.8641
30.71,35.61,87.6818,13.2654,75.0517
30.71,37.14,94.206,13.2654,81.4915
30.71,38.67,100.0084,13.2654,88.1817
30.71,40.2,107.28,13.2654,95.1059
30.71,41.73,115.4587,13.2654,102.1726
30.71,43.27,121.0114,13.2654,109.4669
30.71,44.8,127.8554,13.2654,116.986
30.71,46.33,137.1095,13.2654,124.7271
30.71,47.86,144.4942,13.2654,132.6873
30.71,49.39,154.475,13.2654,140.864
30.71,50.92,162.2418,13.2654,149.2542
30.71,52.45,170.5075,13.2654,157.8553
30.71,53.98,177.6521,13.2654,166.6642
30.71,55.51,188.1666,13.2654,175.6784
30.71,57.04,199.5136,13.2654,184.8948
30.71,58.57,208.4921,13.2654,194.3107
30.71,60.1,221.0804,13.2654,203.9233
30.71,61.63,232.0686,13.2654,213.7298
30.71,63.16,240.637,13.2654,223.7272
30.71,64.69,247.1139,13.2654,233.9128
30.71,66.22,259.877,13.2654,244.2838
30.71,67.76,262.227,13.2654,254.8373
30.71,69.29,276.8802,13.2654,265.5705
30.71,70.82,290.9574,13.2654,276.4807
30.71,72.35,297.0719,13.2654,287.5649
30.71,73.88,307.7924,13.2654,298.8203
30.71,75.41,318.8757,13.2654,310.2443
30.71,76.94,334.7304,13.2654,321.8339
30.71,78.47,345.9927,13.2654,333.5863
30.71,80.0,363.5022,13.2654,345.4989
31.53,5.0,15.3175,13.8153,1.5272
31.53,6.53,16.2942,13.8153,2.6019
31.53,8.06,17.7171,13.8153,3.959
31.53,9.59,19.3392,13.8153,5.5974
31.53,11.12,20.8545,13.8153,7.5156
31.53,12.65,22.7106,13.8153,9.7124
31.53,14.18,24.5605,13.8153,12.1862
31.53,15.71,27.4063,13.8153,14.9358
31.53,17.24,30.9844,13.8153,17.9596
31.53,18.78,34.2183,13.8153,21.256
31.53,20.31,37.3817,13.8153,24.8237
31.53,21.84,41.5627,13.8153,28.6609
31.53,23.37,45.9082,13.8153,32.7661
31.53,24.9,50.4936,13.8153,37.1376
31.53,26.43,55.8951,13.8153,41.7737
31.53,27.96,59.8615,13.8153,46.6729
31.53,29.49,65.1802,13.8153,51.8332
31.53,31.02,70.4794,13.8153,57.2531
31.53,32.55,76.7871,13.8153,62.9307
31.53,34.08,80.3512,13.8153,68.8641
31.53,35.61,87.8711,13.8153,75.0517
31.53,37.14,92.894,13.8153,81.4915
31.53,38.67,98.8368,13.8153,88.1817
31.53,40.2,106.8329,13.8153,95.1059
31.53,41.73,114.16,13.8153,102.1726
31.53,43.27,121.5154,13.8153,109.4669
31.53,44.8,129.3932,13.8153,116.986
31.53,46.33,137.3485,13.8153,124.7271
31.53,47.86,145.9844,13.8153,132.6873
31.53,49.39,153.1704,13.8153,140.864
31.53,50.92,161.2336,13.8153,149.2542
31.53,52.45,171.5355,13.8153,157.8553
31.53,53.98,180.9741,13.8153,166.6642
31.53,55.51,186.5465,13.8153,175.6784
31.53,57.04,200.6594,13.8153,184.8948
31.53,58.57,212.2937,13.8153,194.3107
31.53,60.1,219.0629,13.8153,203.9233
31.53,61.63,228.4049,13.8153,213.7298
31.53,63.16,236.7776,13.8153,223.7272
31.53,64.69,244.243,13.8153,233.9128
31.53,66.22,258.4866,13.8153,244.2838
31.53,67.76,267.8241,13.8153,254.8373
31.53,69.29,278.8524,13.8153,265.5705
31.53,70.82,286.0631,13.8153,276.4807
31.53,72.35,301.2562,13.8153,287.5649
31.53,73.88,314.1606,13.8153,298.8203
31.53,75.41,321.5904,13.8153,310.2443
31.53,76.94,336.1893,13.8153,321.8339
31.53,78.47,345.4772,13.8153,333.5863
31.53,80.0,359.4174,13.8153,345.4989
32.35,5.0,15.9186,14.3725,1.5272
32.35,6.53,16.8319,14.3725,2.6019
32.35,8.06,18.1,14.3725,3.959
32.35,9.59,19.6702,14.3725,5.5974
32.35,11.12,21.4019,14.3725,7.5156
32.35,12.65,23.3697,14.3725,9.7124
32.35,14.18,26.0449,14.3725,12.1862
32.35,15.71,28.2646,14.3725,14.9358
32.35,17.24,31.3952,14.3725,17.9596
32.35,18.78,34.6152,14.3725,21.256
32.35,20.31,38.3541,14.3725,24.8237
32.35,21.84,42.5534,14.3725,28.6609
32.35,23.37,46.778,14.3725,32.7661
32.35,24.9,50.782,14.3725,37.1376
32.35,26.43,54.705,14.3725,41.7737
32.35,27.96,60.5078,14.3725,46.6729
32.35,29.49,66.3747,14.3725,51.8332
32.35,31.02,71.8191,14.3725,57.2531
32.35,32.55,75.1387,14.3725,62.9307
32.35,34.08,81.7457,14.3725,68.8641
32.35,35.61,88.0989,14.3725,75.0517
32.35,37.14,95.2127,14.3725,81.4915
32.35,38.67,101.1554,14.3725,88.1817
32.35,40.2,108.6426,14.3725,95.1059
32.35,41.73,115.9445,14.3725,102.1726
32.35,43.27,122.3745,14.3725,109.4669
32.35,44.8,130.7967,14.3725,116.986
32.35,46.33,137.8096,14.3725,124.7271
32.35,47.86,146.1695,14.3725,132.6873
32.35,49.39,153.3739,14.3725,140.864
32.35,50.92,162.6278,14.3725,149.2542
32.35,52.45,171.4155,14.3725,157.8553
32.35,53.98,177.444,14.3725,166.6642
32.35,55.51,186.8295,14.3725,175.6784
32.35,57.04,195.5328,14.3725,184.8948
32.35,58.57,204.176,14.3725,194.3107
32.35,60.1,215.7624,14.3725,203.9233
32.35,61.63,222.8152,14.3725,213.7298
32.35,63.16,235.2061,14.3725,223.7272
32.35,64.69,245.4921,14.3725,233.9128
32.35,66.22,254.5478,14.3725,244.2838
32.35,67.76,267.8207,14.3725,254.8373
32.35,69.29,277.5777,14.3725,265.5705
32.35,70.82,294.0918,14.3725,276.4807
32.35,72.35,307.6569,14.3725,287.5649
32.35,73.88,312.7602,14.3725,298.8203
32.35,75.41,321.3728,14.3725,310.2443
32.35,76.94,333.9969,14.3725,321.8339
32.35,78.47,344.2416,14.3725,333.5863
32.35,80.0,350.4389,14.3725,345.4989
33.16,5.0,16.301,14.9366,1.5272
33.16,6.53,17.3443,14.9366,2.6019
33.16,8.06,18.5739,14.9366,3.959
33.16,9.59,19.9504,14.9366,5.5974
33.16,11.12,21.4357,14.9366,7.5156
33.16,12.65,23.5891,14.9366,9.7124
33.16,14.18,26.0512,14.9366,12.1862
33.16,15.71,28.3192,14.9366,14.9358
33.16,17.24,31.198,14.9366,17.9596
33.16,18.78,34.4871,14.9366,21.256
33.16,20.31,38.1492,14.9366,24.8237
33.16,21.84,41.7004,14.9366,28.6609
33.16,23.37,45.7755,14.9366,32.7661
33.16,24.9,50.1441,14.9366,37.1376
33.16,26.43,54.1353,14.9366,41.7737
33.16,27.96,58.9421,14.9366,46.6729
33.16,29.49,64.986,14.9366,51.8332
33.16,31.02,68.9002,14.9366,57.2531
33.16,32.55,75.184,14.9366,62.9307
33.16,34.08,81.6693,14.9366,68.8641
33.16,35.61,88.4114,14.9366,75.0517
33.16,37.14,95.0744,14.9366,81.4915
33.16,38.67,101.0577,14.9366,88.1817
33.16,40.2,109.071,14.9366,95.1059
33.16,41.73,114.5132,14.9366,102.1726
33.16,43.27,123.1118,14.9366,109.4669
33.16,44.8,129.4384,14.9366,116.986
33.16,46.33,137.7675,14.9366,124.7271
33.16,47.86,147.5438,14.9366,132.6873
33.16,49.39,157.86,14.9366,140.864
33.16,50.92,166.3665,14.9366,149.2542
33.16,52.45,170.9255,14.9366,157.8553
33.16,53.98,175.6875,14.9366,166.6642
33.16,55.51,184.415,14.9366,175.6784
33.16,57.04,196.0201,14.9366,184.8948
33.16,58.57,203.2661,14.9366,194.3107
33.16,60.1,213.5541,14.9366,203.9233
33.16,61.63,224.7861,14.9366,213.7298
33.16,63.16,236.1476,14.9366,223.7272
33.16,64.69,245.8299,14.9366,233.9128
33.16,66.22,259.5859,14.9366,244.2838
33.16,67.76,269.9286,14.9366,254.8373
33.16,69.29,283.6892,14.9366,265.5705
33.16,70.82,294.3091,14.9366,276.4807
33.16,72.35,304.5562,14.9366,287.5649
33.16,73.88,311.7,14.9366,298.8203
33.16,75.41,324.3595,14.9366,310.2443
33.16,76.94,336.126,14.9366,321.8339
33.16,78.47,350.6266,14.9366,333.5863
33.16,80.0,356.9638,14.9366,345.4989
33.98,5.0,16.9501,15.5076,1.5272
33.98,6.53,18.1193,15.5076,2.6019
33.98,8.06,19.691,15.5076,3.959
33.98,9.59,21.4078,15.5076,5.5974
33.98,11.12,22.5892,15.5076,7.5156
33.98,12.65,23.9956,15.5076,9.7124
33.98,14.18,26.608,15.5076,12.1862
33.98,15.71,28.9334,15.5076,14.9358
33.98,17.24,31.2577,15.5076,17.9596
33.98,18.78,35.1511,15.5076,21.256
33.98,20.31,39.0722,15.5076,24.8237
33.98,21.84,43.7088,15.5076,28.6609
33.98,23.37,47.6781,15.5076,32.7661
33.98,24.9,51.1548,15.5076,37.1376
33.98,26.43,56.3493,15.5076,41.7737
33.98,27.96,62.2268,15.5076,46.6729
33.98,29.49,67.3677,15.5076,51.8332
33.98,31.02,72.3505,15.5076,57.2531
33.98,32.55,78.5884,15.5076,62.9307
33.98,34.08,83.5551,15.5076,68.8641
33.98,35.61,89.3519,15.5076,75.0517
33.98,37.14,96.5913,15.5076,81.4915
33.98,38.67,100.8906,15.5076,88.1817
33.98,40.2,109.0676,15.5076,95.1059
33.98,41.73,117.1098,15.5076,102.1726
33.98,43.27,123.9338,15.5076,109.4669
33.98,44.8,133.3806,15.5076,116.986
33.98,46.33,142.424,15.5076,124.7271
33.98,47.86,150.0636,15.5076,132.6873
33.98,49.39,155.9136,15.5076,140.864
33.98,50.92,163.6739,15.5076,149.2542
33.98,52.45,171.2973,15.5076,157.8553
33.98,53.98,181.939,15.5076,166.6642
33.98,55.51,192.0368,15.5076,175.6784
33.98,57.04,199.7658,15.5076,184.8948
33.98,58.57,207.3241,15.5076,194.3107
33.98,60.1,216.3664,15.5076,203.9233
33.98,61.63,226.0829,15.5076,213.7298
33.98,63.16,234.5856,15.5076,223.7272
33.98,64.69,247.6004,15.5076,233.9128
33.98,66.22,255.9722,15.5076,244.2838
33.98,67.76,266.9277,15.5076,254.8373
33.98,69.29,279.4836,15.5076,265.5705
33.98,70.82,289.9954,15.5076,276.4807
33.98,72.35,302.698,15.5076,287.5649
33.98,73.88,312.5926,15.5076,298.8203
33.98,75.41,325.3437,15.5076,310.2443
33.98,76.94,334.9192,15.5076,321.8339
33.98,78.47,343.7203,15.5076,333.5863
33.98,80.0,357.7124,15.5076,345.4989
34.8,5.0,17.1226,16.0854,1.5272
34.8,6.53,18.1763,16.0854,2.6019
34.8,8.06,19.8518,16.0854,3.959
34.8,9.59,21.2533,16.0854,5.5974
34.8,11.12,22.6822,16.0854,7.5156
34.8,12.65,24.8874,16.0854,9.7124
34.8,14.18,27.2086,16.0854,12.1862
34.8,15.71,29.7112,16.0854,14.9358
34.8,17.24,32.5968,16.0854,17.9596
34.8,18.78,36.0509,16.0854,21.256
34.8,20.31,40.1084,16.0854,24.8237
34.8,21.84,44.503,16.0854,28.6609
34.8,23.37,47.9507,16.0854,32.7661
34.8,24.9,52.9555,16.0854,37.1376
34.8,26.43,55.4128,16.0854,41.7737
34.8,27.96,61.1396,16.0854,46.6729
34.8,29.49,66.3766,16.0854,51.8332
34.8,31.02,72.6189,16.0854,57.2531
34.8,32.55,78.3603,16.0854,62.9307
34.8,34.08,83.8734,16.0854,68.8641
34.8,35.61,90.5557,16.0854,75.0517
34.8,37.14,97.5119,16.0854,81.4915
34.8,38.67,104.0327,16.0854,88.1817
34.8,40.2,111.2437,16.0854,95.1059
34.8,41.73,118.2028,16.0854,102.1726
34.8,43.27,125.2279,16.0854,109.4669
34.8,44.8,132.9855,16.0854,116.986
34.8,46.33,138.98,16.0854,124.7271
34.8,47.86,145.3967,16.0854,132.6873
34.8,49.39,154.9185,16.0854,140.864
34.8,50.92,163.3753,16.0854,149.2542
34.8,52.45,172.6705,16.0854,157.8553
34.8,53.98,181.3065,16.0854,166.6642
34.8,55.51,190.3345,16.0854,175.6784
34.8,57.04,197.8879,16.0854,184.8948
34.8,58.57,206.0195,16.0854,194.3107
34.8,60.1,215.3336,16.0854,203.9233
34.8,61.63,226.5839,16.0854,213.7298
34.8,63.16,234.0637,16.0854,223.7272
34.8,64.69,242.2091,16.0854,233.9128
34.8,66.22,258.1766,16.0854,244.2838
34.8,67.76,267.8472,16.0854,254.8373
34.8,69.29,281.547,16.0854,265.5705
34.8,70.82,291.5883,16.0854,276.4807
34.8,72.35,299.6172,16.0854,287.5649
34.8,73.88,311.1224,16.0854,298.8203
34.8,75.41,320.4433,16.0854,310.2443
34.8,76.94,336.5229,16.0854,321.8339
34.8,78.47,349.2508,16.0854,333.5863
34.8,80.0,365.3287,16.0854,345.4989
35.61,5.0,18.4248,16.6697,1.5272
35.61,6.53,19.5742,16.6697,2.6019
35.61,8.06,20.9646,16.6697,3.959
35.61,9.59,22.0191,16.6697,5.5974
35.61,11.12,23.722,16.6697,7.5156
35.61,12.65,25.5751,16.6697,9.7124
35.61,14.18,28.0963,16.6697,12.1862
35.61,15.71,30.3179,16.6697,14.9358
35.61,17.24,32.5448,16.6697,17.9596
35.61,18.78,36.3561,16.6697,21.256
35.61,20.31,40.0542,16.6697,24.8237
35.61,21.84,44.0193,16.6697,28.6609
35.61,23.37,47.3519,16.6697,32.7661
35.61,24.9,53.1881,16.6697,37.1376
35.61,26.43,57.2517,16.6697,41.7737
35.61,27.96,61.9937,16.6697,46.6729
35.61,29.49,67.6261,16.6697,51.8332
35.61,31.02,73.5012,16.6697,57.2531
35.61,32.55,78.3077,16.6697,62.9307
35.61,34.08,86.265,16.6697,68.8641
35.61,35.61,91.6832,16.6697,75.0517
35.61,37.14,97.2445,16.6697,81.4915
35.61,38.67,102.5087,16.6697,88.1817
35.61,40.2,109.3437,16.6697,95.1059
35.61,41.73,118.3551,16.6697,102.1726
35.61,43.27,126.2734,16.6697,109.4669
35.61,44.8,133.0042,16.6697,116.986
35.61,46.33,143.0531,16.6697,124.7271
35.61,47.86,149.0617,16.6697,132.6873
35.61,49.39,157.8826,16.6697,140.864
35.61,50.92,167.7625,16.6697,149.2542
35.61,52.45,176.9134,16.6697,157.8553
35.61,53.98,182.7358,16.6697,166.6642
35.61,55.51,190.4913,16.6697,175.6784
35.61,57.04,197.9499,16.6697,184.8948
35.61,58.57,207.292,16.6697,194.3107
35.61,60.1,215.1228,16.6697,203.9233
35.61,61.63,227.7158,16.6697,213.7298
35.61,63.16,239.9466,16.6697,223.7272
35.61,64.69,256.2186,16.6697,233.9128
35.61,66.22,262.5099,16.6697,244.2838
35.61,67.76,270.4609,16.6697,254.8373
35.61,69.29,281.0512,16.6697,265.5705
35.61,70.82,296.9075,16.6697,276.4807
35.61,72.35,305.6787,16.6697,287.5649
35.61,73.88,314.5578,16.6697,298.8203
35.61,75.41,323.2901,16.6697,310.2443
35.61,76.94,335.0793,16.6697,321.8339
35.61,78.47,344.8364,16.6697,333.5863
35.61,80.0,356.7121,16.6697,345.4989
36.43,5.0,18.332,17.2606,1.5272
36.43,6.53,19.4299,17.2606,2.6019
36.43,8.06,20.7701,17.2606,3.959
36.43,9.59,22.5637,17.2606,5.5974
36.43,11.12,24.232,17.2606,7.5156
36.43,12.65,26.2593,17.2606,9.7124
36.43,14.18,28.5343,17.2606,12.1862
36.43,15.71,31.3079,17.2606,14.9358
36.43,17.24,34.1046,17.2606,17.9596
36.43,18.78,37.6716,17.2606,21.256
36.43,20.31,40.9312,17.2606,24.8237
36.43,21.84,45.1889,17.2606,28.6609
36.43,23.37,48.3858,17.2606,32.7661
36.43,24.9,53.0455,17.2606,37.1376
36.43,26.43,57.3223,17.2606,41.7737
36.43,27.96,61.82,17.2606,46.6729
36.43,29.49,66.5591,17.2606,51.8332
36.43,31.02,72.9493,17.2606,57.2531
36.43,32.55,78.5142,17.2606,62.9307
36.43,34.08,85.8167,17.2606,68.8641
36.43,35.61,93.4019,17.2606,75.0517
36.43,37.14,98.5263,17.2606,81.4915
36.43,38.67,105.0124,17.2606,88.1817
36.43,40.2,108.7641,17.2606,95.1059
36.43,41.73,117.315,17.2606,102.1726
36.43,43.27,125.6971,17.2606,109.4669
36.43,44.8,132.6611,17.2606,116.986
36.43,46.33,139.9947,17.2606,124.7271
36.43,47.86,147.206,17.2606,132.6873
36.43,49.39,155.8154,17.2606,140.864
36.43,50.92,165.8074,17.2606,149.2542
36.43,52.45,174.3308,17.2606,157.8553
36.43,53.98,182.0698,17.2606,166.6642
36.43,55.51,192.479,17.2606,175.6784
36.43,57.04,203.421,17.2606,184.8948
36.43,58.57,210.1445,17.2606,194.3107
36.43,60.1,220.3643,17.2606,203.9233
36.43,61.63,229.4368,17.2606,213.7298
36.43,63.16,242.3641,17.2606,223.7272
36.43,64.69,254.4434,17.2606,233.9128
36.43,66.22,260.868,17.2606,244.2838
36.43,67.76,271.0102,17.2606,254.8373
36.43,69.29,281.4362,17.2606,265.5705
36.43,70.82,298.8095,17.2606,276.4807
36.43,72.35,307.0076,17.2606,287.5649
36.43,73.88,321.2936,17.2606,298.8203
36.43,75.41,326.0404,17.2606,310.2443
36.43,76.94,340.0791,17.2606,321.8339
36.43,78.47,357.0008,17.2606,333.5863
36.43,80.0,362.6288,17.2606,345.4989
37.24,5.0,19.3185,17.8577,1.5272
37.24,6.53,20.4387,17.8577,2.6019
37.24,8.06,21.7441,17.8577,3.959
37.24,9.59,23.1683,17.8577,5.5974
37.24,11.12,25.4299,17.8577,7.5156
37.24,12.65,27.354,17.8577,9.7124
37.24,14.18,29.3647,17.8577,12.1862
37.24,15.71,32.2007,17.8577,14.9358
37.24,17.24,34.5803,17.8577,17.9596
37.24,18.78,37.9849,17.8577,21.256
37.24,20.31,40.9003,17.8577,24.8237
37.24,21.84,44.4842,17.8577,28.6609
37.24,23.37,48.7815,17.8577,32.7661
37.24,24.9,53.5798,17.8577,37.1376
37.24,26.43,58.5575,17.8577,41.7737
37.24,27.96,63.8478,17.8577,46.6729
37.24,29.49,68.4844,17.8577,51.8332
37.24,31.02,73.7218,17.8577,57.2531
37.24,32.55,79.1986,17.8577,62.9307
37.24,34.08,85.694,17.8577,68.8641
37.24,35.61,91.9324,17.8577,75.0517
37.24,37.14,98.1138,17.8577,81.4915
37.24,38.67,106.1196,17.8577,88.1817
37.24,40.2,112.7169,17.8577,95.1059
37.24,41.73,120.3319,17.8577,102.1726
37.24,43.27,126.7623,17.8577,109.4669
37.24,44.8,132.8341,17.8577,116.986
37.24,46.33,141.3187,17.8577,124.7271
37.24,47.86,150.1053,17.8577,132.6873
37.24,49.39,160.3845,17.8577,140.864
37.24,50.92,166.8511,17.8577,149.2542
37.24,52.45,176.968,17.8577,157.8553
37.24,53.98,184.2373,17.8577,166.6642
37.24,55.51,196.962,17.8577,175.6784
37.24,57.04,205.1118,17.8577,184.8948
37.24,58.57,212.2274,17.8577,194.3107
37.24,60.1,222.1728,17.8577,203.9233
37.24,61.63,231.021,17.8577,213.7298
37.24,63.16,241.9325,17.8577,223.7272
37.24,64.69,253.3206,17.8577,233.9128
37.24,66.22,263.6727,17.8577,244.2838
37.24,67.76,270.5118,17.8577,254.8373
37.24,69.29,281.4046,17.8577,265.5705
37.24,70.82,296.1003,17.8577,276.4807
37.24,72.35,303.9363,17.8577,287.5649
37.24,73.88,315.4507,17.8577,298.8203
37.24,75.41,326.1395,17.8577,310.2443
37.24,76.94,332.5367,17.8577,321.8339
37.24,78.47,340.9072,17.8577,333.5863
37.24,80.0,355.6337,17.8577,345.4989
38.06,5.0,19.6065,18.461,1.5272
38.06,6.53,20.3131,18.461,2.6019
38.06,8.06,22.1705,18.461,3.959
38.06,9.59,23.6472,18.461,5.5974
38.06,11.12,25.3874,18.461,7.5156
38.06,12.65,27.2327,18.461,9.7124
38.06,14.18,29.3171,18.461,12.1862
38.06,15.71,31.8778,18.461,14.9358
38.06,17.24,35.1463,18.461,17.9596
38.06,18.78,38.5893,18.461,21.256
38.06,20.31,41.7306,18.461,24.8237
38.06,21.84,45.9941,18.461,28.6609
38.06,23.37,49.2546,18.461,32.7661
38.06,24.9,53.1857,18.461,37.1376
38.06,26.43,58.4716,18.461,41.7737
38.06,27.96,63.1292,18.461,46.6729
38.06,29.49,69.4158,18.461,51.8332
38.06,31.02,74.7718,18.461,57.2531
38.06,32.55,79.8491,18.461,62.9307
38.06,34.08,86.0212,18.461,68.8641
38.06,35.61,91.8512,18.461,75.0517
38.06,37.14,98.583,18.461,81.4915
38.06,38.67,103.8004,18.461,88.1817
38.06,40.2,111.3711,18.461,95.1059
38.06,41.73,118.6502,18.461,102.1726
38.06,43.27,129.7424,18.461,109.4669
38.06,44.8,137.779,18.461,116.986
38.06,46.33,143.5946,18.461,124.7271
38.06,47.86,151.0881,18.461,132.6873
38.06,49.39,157.7712,18.461,140.864
38.06,50.92,167.6476,18.461,149.2542
38.06,52.45,175.7221,18.461,157.8553
38.06,53.98,187.0946,18.461,166.6642
38.06,55.51,196.238,18.461,175.6784
38.06,57.04,204.1902,18.461,184.8948
38.06,58.57,214.2478,18.461,194.3107
38.06,60.1,226.6537,18.461,203.9233
38.06,61.63,231.5649,18.461,213.7298
38.06,63.16,240.0578,18.461,223.7272
38.06,64.69,249.9146,18.461,233.9128
38.06,66.22,260.8888,18.461,244.2838
38.06,67.76,272.3355,18.461,254.8373
38.06,69.29,281.5621,18.461,265.5705
38.06,70.82,293.5308,18.461,276.4807
38.06,72.35,306.1015,18.461,287.5649
38.06,73.88,312.6315,18.461,298.8203
38.06,75.41,321.6069,18.461,310.2443
38.06,76.94,334.9061,18.461,321.8339
38.06,78.47,347.3308,18.461,333.5863
38.06,80.0,361.6664,18.461,345.4989
38.88,5.0,20.1173,19.0704,1.5272
38.88,6.53,21.438,19.0704,2.6019
38.88,8.06,22.6134,19.0704,3.959
38.88,9.59,24.0308,19.0704,5.5974
38.88,11.12,25.5631,19.0704,7.5156
38.88,12.65,27.207,19.0704,9.7124
38.88,14.18,29.6892,19.0704,12.1862
38.88,15.71,32.1262,19.0704,14.9358
38.88,17.24,34.3228,19.0704,17.9596
38.88,18.78,38.2112,19.0704,21.256
38.88,20.31,41.6485,19.0704,24.8237
38.88,21.84,45.8694,19.0704,28.6609
38.88,23.37,50.02,19.0704,32.7661
38.88,24.9,54.9498,19.0704,37.1376
38.88,26.43,59.5499,19.0704,41.7737
38.88,27.96,63.6539,19.0704,46.6729
38.88,29.49,69.1263,19.0704,51.8332
38.88,31.02,75.4548,19.0704,57.2531
38.88,32.55,80.4027,19.0704,62.9307
38.88,34.08,85.3335,19.0704,68.8641
38.88,35.61,93.5401,19.0704,75.0517
38.88,37.14,99.6261,19.0704,81.4915
38.88,38.67,105.8439,19.0704,88.1817
38.88,40.2,113.4024,19.0704,95.1059
38.88,41.73,121.1454,19.0704,102.1726
38.88,43.27,129.234,19.0704,109.4669
38.88,44.8,136.3244,19.0704,116.986
38.88,46.33,146.213,19.0704,124.7271
38.88,47.86,154.8908,19.0704,132.6873
38.88,49.39,160.8453,19.0704,140.864
38.88,50.92,169.9655,19.0704,149.2542
38.88,52.45,177.4644,19.0704,157.8553
38.88,53.98,186.1752,19.0704,166.6642
38.88,55.51,192.2651,19.0704,175.6784
38.88,57.04,196.5059,19.0704,184.8948
38.88,58.57,206.4655,19.0704,194.3107
38.88,60.1,214.6053,19.0704,203.9233
38.88,61.63,225.8821,19.0704,213.7298
38.88,63.16,238.3695,19.0704,223.7272
38.88,64.69,251.1645,19.0704,233.9128
38.88,66.22,259.4496,19.0704,244.2838
38.88,67.76,273.8834,19.0704,254.8373
38.88,69.29,281.9136,19.0704,265.5705
38.88,70.82,295.2184,19.0704,276.4807
38.88,72.35,309.8919,19.0704,287.5649
38.88,73.88,313.2772,19.0704,298.8203
38.88,75.41,325.4712,19.0704,310.2443
38.88,76.94,340.3442,19.0704,321.8339
38.88,78.47,353.4596,19.0704,333.5863
38.88,80.0,364.8951,19.0704,345.4989
39.69,5.0,21.0092,19.6858,1.5272
39.69,6.53,21.912,19.6858,2.6019
39.69,8.06,23.3027,19.6858,3.959
39.69,9.59,24.7309,19.6858,5.5974
39.69,11.12,26.7525,19.6858,7.5156
39.69,12.65,28.9249,19.6858,9.7124
39.69,14.18,30.8037,19.6858,12.1862
39.69,15.71,34.0878,19.6858,14.9358
39.69,17.24,36.4199,19.6858,17.9596
39.69,18.78,39.4081,19.6858,21.256
39.69,20.31,43.0137,19.6858,24.8237
39.69,21.84,46.505,19.6858,28.6609
39.69,23.37,51.0135,19.6858,32.7661
39.69,24.9,55.6178,19.6858,37.1376
39.69,26.43,59.6884,19.6858,41.7737
39.69,27.96,64.4415,19.6858,46.6729
39.69,29.49,69.871,19.6858,51.8332
39.69,31.02,76.2706,19.6858,57.2531
39.69,32.55,83.5246,19.6858,62.9307
39.69,34.08,88.1651,19.6858,68.8641
39.69,35.61,93.2169,19.6858,75.0517
39.69,37.14,100.9555,19.6858,81.4915
39.69,38.67,106.6393,19.6858,88.1817
39.69,40.2,112.654,19.6858,95.1059
39.69,41.73,119.6744,19.6858,102.1726
39.69,43.27,126.6907,19.6858,109.4669
39.69,44.8,136.5718,19.6858,116.986
39.69,46.33,145.4879,19.6858,124.7271
39.69,47.86,153.2538,19.6858,132.6873
39.69,49.39,160.4292,19.6858,140.864
39.69,50.92,168.8719,19.6858,149.2542
39.69,52.45,179.4573,19.6858,157.8553
39.69,53.98,188.7066,19.6858,166.6642
39.69,55.51,195.674,19.6858,175.6784
39.69,57.04,205.8937,19.6858,184.8948
39.69,58.57,213.6019,19.6858,194.3107
39.69,60.1,224.2494,19.6858,203.9233
39.69,61.63,233.8739,19.6858,213.7298
39.69,63.16,248.6526,19.6858,223.7272
39.69,64.69,257.8445,19.6858,233.9128
39.69,66.22,270.0826,19.6858,244.2838
39.69,67.76,277.3174,19.6858,254.8373
39.69,69.29,282.2947,19.6858,265.5705
39.69,70.82,293.3006,19.6858,276.4807
39.69,72.35,302.874,19.6858,287.5649
39.69,73.88,314.3029,19.6858,298.8203
39.69,75.41,328.6807,19.6858,310.2443
39.69,76.94,342.4482,19.6858,321.8339
39.69,78.47,347.2395,19.6858,333.5863
39.69,80.0,366.5359,19.6858,345.4989
40.51,5.0,21.7368,20.3069,1.5272
40.51,6.53,22.4809,20.3069,2.6019
40.51,8.06,24.2313,20.3069,3.959
40.51,9.59,25.4656,20.3069,5.5974
40.51,11.12,27.2549,20.3069,7.5156
40.51,12.65,29.2215,20.3069,9.7124
40.51,14.18,31.1476,20.3069,12.1862
40.51,15.71,34.4149,20.3069,14.9358
40.51,17.24,36.698,20.3069,17.9596
40.51,18.78,39.4808,20.3069,21.256
40.51,20.31,42.9045,20.3069,24.8237
40.51,21.84,47.1559,20.3069,28.6609
40.51,23.37,52.4402,20.3069,32.7661
40.51,24.9,56.1525,20.3069,37.1376
40.51,26.43,60.1546,20.3069,41.7737
40.51,27.96,65.5669,20.3069,46.6729
40.51,29.49,70.1384,20.3069,51.8332
40.51,31.02,76.7392,20.3069,57.2531
40.51,32.55,81.2452,20.3069,62.9307
40.51,34.08,87.2968,20.3069,68.8641
40.51,35.61,92.8241,20.3069,75.0517
40.51,37.14,101.6196,20.3069,81.4915
40.51,38.67,107.6628,20.3069,88.1817
40.51,40.2,114.1299,20.3069,95.1059
40.51,41.73,120.5547,20.3069,102.1726
40.51,43.27,130.2665,20.3069,109.4669
40.51,44.8,136.9065,20.3069,116.986
40.51,46.33,143.7955,20.3069,124.7271
40.51,47.86,149.0092,20.3069,132.6873
40.51,49.39,160.3162,20.3069,140.864
40.51,50.92,168.4354,20.3069,149.2542
40.51,52.45,178.9924,20.3069,157.8553
40.51,53.98,187.9841,20.3069,166.6642
40.51,55.51,198.4639,20.3069,175.6784
40.51,57.04,207.7864,20.3069,184.8948
40.51,58.57,213.3672,20.3069,194.3107
40.51,60.1,221.8751,20.3069,203.9233
40.51,61.63,234.4379,20.3069,213.7298
40.51,63.16,245.3034,20.3069,223.7272
40.51,64.69,253.772,20.3069,233.9128
40.51,66.22,268.0136,20.3069,244.2838
40.51,67.76,277.5424,20.3069,254.8373
40.51,69.29,284.5549,20.3069,265.5705
40.51,70.82,295.9679,20.3069,276.4807
40.51,72.35,301.0282,20.3069,287.5649
40.51,73.88,316.4282,20.3069,298.8203
40.51,75.41,327.5195,20.3069,310.2443
40.51,76.94,344.8356,20.3069,321.8339
40.51,78.47,357.0089,20.3069,333.5863
40.51,80.0,368.6779,20.3069,345.4989
41.33,5.0,22.5004,20.9338,1.5272
41.33,6.53,23.3635,20.9338,2.6019
41.33,8.06,24.7836,20.9338,3.959
41.33,9.59,26.4259,20.9338,5.5974
41.33,11.12,27.6884,20.9338,7.5156
41.33,12.65,30.0725,20.9338,9.7124
41.33,14.18,32.3255,20.9338,12.1862
41.33,15.71,34.9732,20.9338,14.9358
41.33,17.24,37.3277,20.9338,17.9596
41.33,18.78,40.5529,20.9338,21.256
41.33,20.31,44.3819,20.9338,24.8237
41.33,21.84,48.3853,20.9338,28.6609
41.33,23.37,52.7834,20.9338,32.7661
41.33,24.9,57.2751,20.9338,37.1376
41.33,26.43,62.5431,20.9338,41.7737
41.33,27.96,66.258,20.9338,46.6729
41.33,29.49,71.3597,20.9338,51.8332
41.33,31.02,76.9622,20.9338,57.2531
41.33,32.55,83.3956,20.9338,62.9307
41.33,34.08,90.1731,20.9338,68.8641
41.33,35.61,96.4252,20.9338,75.0517
41.33,37.14,101.0481,20.9338,81.4915
41.33,38.67,107.5653,20.9338,88.1817
41.33,40.2,114.9166,20.9338,95.1059
41.33,41.73,123.7551,20.9338,102.1726
41.33,43.27,127.2619,20.9338,109.4669
41.33,44.8,135.5361,20.9338,116.986
41.33,46.33,142.6954,20.9338,124.7271
41.33,47.86,151.0952,20.9338,132.6873
41.33,49.39,158.9875,20.9338,140.864
41.33,50.92,166.9307,20.9338,149.2542
41.33,52.45,177.8288,20.9338,157.8553
41.33,53.98,184.0617,20.9338,166.6642
41.33,55.51,192.5179,20.9338,175.6784
41.33,57.04,201.7751,20.9338,184.8948
41.33,58.57,213.0564,20.9338,194.3107
41.33,60.1,224.2114,20.9338,203.9233
41.33,61.63,236.6642,20.9338,213.7298
41.33,63.16,245.0317,20.9338,223.7272
41.33,64.69,249.1307,20.9338,233.9128
41.33,66.22,255.1106,20.9338,244.2838
41.33,67.76,267.8859,20.9338,254.8373
41.33,69.29,280.5187,20.9338,265.5705
41.33,70.82,293.75,20.9338,276.4807
41.33,72.35,310.7534,20.9338,287.5649
41.33,73.88,317.2921,20.9338,298.8203
41.33,75.41,321.0038,20.9338,310.2443
41.33,76.94,336.1872,20.9338,321.8339
41.33,78.47,348.358,20.9338,333.5863
41.33,80.0,357.1404,20.9338,345.4989
42.14,5.0,22.8742,21.5662,1.5272
42.14,6.53,24.0416,21.5662,2.6019
42.14,8.06,25.3052,21.5662,3.959
42.14,9.59,26.8724,21.5662,5.5974
42.14,11.12,29.0162,21.5662,7.5156
42.14,12.65,30.6273,21.5662,9.7124
42.14,14.18,32.5184,21.5662,12.1862
42.14,15.71,34.8637,21.5662,14.9358
42.14,17.24,37.2034,21.5662,17.9596
42.14,18.78,40.4613,21.5662,21.256
42.14,20.31,45.1169,21.5662,24.8237
42.14,21.84,48.3948,21.5662,28.6609
42.14,23.37,53.0498,21.5662,32.7661
42.14,24.9,56.5295,21.5662,37.1376
42.14,26.43,61.7782,21.5662,41.7737
42.14,27.96,66.8322,21.5662,46.6729
42.14,29.49,71.9215,21.5662,51.8332
42.14,31.02,76.9983,21.5662,57.2531
42.14,32.55,81.3447,21.5662,62.9307
42.14,34.08,85.7117,21.5662,68.8641
42.14,35.61,92.4691,21.5662,75.0517
42.14,37.14,100.8956,21.5662,81.4915
42.14,38.67,107.075,21.5662,88.1817
42.14,40.2,113.4574,21.5662,95.1059
42.14,41.73,123.0065,21.5662,102.1726
42.14,43.27,130.4604,21.5662,109.4669
42.14,44.8,139.0823,21.5662,116.986
42.14,46.33,146.8369,21.5662,124.7271
42.14,47.86,155.2579,21.5662,132.6873
42.14,49.39,160.1825,21.5662,140.864
42.14,50.92,168.5831,21.5662,149.2542
42.14,52.45,175.4006,21.5662,157.8553
42.14,53.98,184.6763,21.5662,166.6642
42.14,55.51,192.7305,21.5662,175.6784
42.14,57.04,205.229,21.5662,184.8948
42.14,58.57,213.3476,21.5662,194.3107
42.14,60.1,224.1319,21.5662,203.9233
42.14,61.63,235.5618,21.5662,213.7298
42.14,63.16,246.9136,21.5662,223.7272
42.14,64.69,256.1276,21.5662,233.9128
42.14,66.22,263.3522,21.5662,244.2838
42.14,67.76,272.6977,21.5662,254.8373
42.14,69.29,286.6312,21.5662,265.5705
42.14,70.82,297.9043,21.5662,276.4807
42.14,72.35,304.6594,21.5662,287.5649
42.14,73.88,317.2467,21.5662,298.8203
42.14,75.41,328.8607,21.5662,310.2443
42.14,76.94,335.4678,21.5662,321.8339
42.14,78.47,351.6117,21.5662,333.5863
42.14,80.0,365.9114,21.5662,345.4989
42.96,5.0,23.7248,22.2041,1.5272
42.96,6.53,24.1375,22.2041,2.6019
42.96,8.06,26.1017,22.2041,3.959
42.96,9.59,27.605,22.2041,5.5974
42.96,11.12,29.349,22.2041,7.5156
42.96,12.65,31.5704,22.2041,9.7124
42.96,14.18,34.1874,22.2041,12.1862
42.96,15.71,36.5614,22.2041,14.9358
42.96,17.24,39.0683,22.2041,17.9596
42.96,18.78,42.0503,22.2041,21.256
42.96,20.31,44.7929,22.2041,24.8237
42.96,21.84,49.5906,22.2041,28.6609
42.96,23.37,53.3123,22.2041,32.7661
42.96,24.9,57.2422,22.2041,37.1376
42.96,26.43,62.1213,22.2041,41.7737
42.96,27.96,67.1859,22.2041,46.6729
42.96,29.49,72.1749,22.2041,51.8332
42.96,31.02,76.9014,22.2041,57.2531
42.96,32.55,83.6991,22.2041,62.9307
42.96,34.08,90.5516,22.2041,68.8641
42.96,35.61,95.336,22.2041,75.0517
42.96,37.14,100.6022,22.2041,81.4915
42.96,38.67,107.3076,22.2041,88.1817
42.96,40.2,115.106,22.2041,95.1059
42.96,41.73,120.5609,22.2041,102.1726
42.96,43.27,128.4185,22.2041,109.4669
42.96,44.8,136.6547,22.2041,116.986
42.96,46.33,146.5987,22.2041,124.7271
42.96,47.86,153.4731,22.2041,132.6873
42.96,49.39,163.0463,22.2041,140.864
42.96,50.92,171.8675,22.2041,149.2542
42.96,52.45,177.8874,22.2041,157.8553
42.96,53.98,189.6388,22.2041,166.6642
42.96,55.51,195.8899,22.2041,175.6784
42.96,57.04,206.9009,22.2041,184.8948
42.96,58.57,213.9134,22.2041,194.3107
42.96,60.1,226.1614,22.2041,203.9233
42.96,61.63,233.8094,22.2041,213.7298
42.96,63.16,250.2502,22.2041,223.7272
42.96,64.69,257.9525,22.2041,233.9128
42.96,66.22,270.6991,22.2041,244.2838
42.96,67.76,281.8045,22.2041,254.8373
42.96,69.29,288.3447,22.2041,265.5705
42.96,70.82,299.4627,22.2041,276.4807
42.96,72.35,313.6472,22.2041,287.5649
42.96,73.88,326.3182,22.2041,298.8203
42.96,75.41,329.0933,22.2041,310.2443
42.96,76.94,340.5802,22.2041,321.8339
42.96,78.47,356.7007,22.2041,333.5863
42.96,80.0,369.6841,22.2041,345.4989
43.78,5.0,24.3452,22.8474,1.5272
43.78,6.53,25.3775,22.8474,2.6019
43.78,8.06,27.1079,22.8474,3.959
43.78,9.59,28.1286,22.8474,5.5974
43.78,11.12,29.2651,22.8474,7.5156
43.78,12.65,31.519,22.8474,9.7124
43.78,14.18,33.3281,22.8474,12.1862
43.78,15.71,36.1728,22.8474,14.9358
43.78,17.24,38.9565,22.8474,17.9596
43.78,18.78,42.6624,22.8474,21.256
43.78,20.31,46.1975,22.8474,24.8237
43.78,21.84,50.3684,22.8474,28.6609
43.78,23.37,54.0284,22.8474,32.7661
43.78,24.9,58.6281,22.8474,37.1376
43.78,26.43,63.6372,22.8474,41.7737
43.78,27.96,67.6446,22.8474,46.6729
43.78,29.49,72.5366,22.8474,51.8332
43.78,31.02,77.9126,22.8474,57.2531
43.78,32.55,82.5158,22.8474,62.9307
43.78,34.08,86.6656,22.8474,68.8641
43.78,35.61,92.4214,22.8474,75.0517
43.78,37.14,100.5021,22.8474,81.4915
43.78,38.67,107.993,22.8474,88.1817
43.78,40.2,114.0818,22.8474,95.1059
43.78,41.73,122.4873,22.8474,102.1726
43.78,43.27,129.2602,22.8474,109.4669
43.78,44.8,135.6123,22.8474,116.986
43.78,46.33,146.0191,22.8474,124.7271
43.78,47.86,153.7687,22.8474,132.6873
43.78,49.39,159.9406,22.8474,140.864
43.78,50.92,168.2326,22.8474,149.2542
43.78,52.45,178.2839,22.8474,157.8553
43.78,53.98,188.1092,22.8474,166.6642
43.78,55.51,200.2176,22.8474,175.6784
43.78,57.04,209.8017,22.8474,184.8948
43.78,58.57,218.4632,22.8474,194.3107
43.78,60.1,226.3016,22.8474,203.9233
43.78,61.63,238.0005,22.8474,213.7298
43.78,63.16,244.7865,22.8474,223.7272
43.78,64.69,255.9976,22.8474,233.9128
43.78,66.22,267.3295,22.8474,244.2838
43.78,67.76,274.9615,22.8474,254.8373
43.78,69.29,284.6707,22.8474,265.5705
43.78,70.82,296.5907,22.8474,276.4807
43.78,72.35,312.4723,22.8474,287.5649
43.78,73.88,326.3843,22.8474,298.8203
43.78,75.41,338.478,22.8474,310.2443
43.78,76.94,351.857,22.8474,321.8339
43.78,78.47,353.5058,22.8474,333.5863
43.78,80.0,369.354,22.8474,345.4989
44.59,5.0,24.5541,23.4958,1.5272
44.59,6.53,25.8548,23.4958,2.6019
44.59,8.06,27.016,23.4958,3.959
44.59,9.59,28.1896,23.4958,5.5974
44.59,11.12,29.8372,23.4958,7.5156
44.59,12.65,32.2648,23.4958,9.7124
44.59,14.18,34.4329,23.4958,12.1862
44.59,15.71,36.702,23.4958,14.9358
44.59,17.24,40.6156,23.4958,17.9596
44.59,18.78,43.0166,23.4958,21.256
44.59,20.31,45.8925,23.4958,24.8237
44.59,21.84,49.6788,23.4958,28.6609
44.59,23.37,53.4871,23.4958,32.7661
44.59,24.9,58.0865,23.4958,37.1376
44.59,26.43,63.2339,23.4958,41.7737
44.59,27.96,68.7957,23.4958,46.6729
44.59,29.49,74.3825,23.4958,51.8332
44.59,31.02,79.8374,23.4958,57.2531
44.59,32.55,85.3931,23.4958,62.9307
44.59,34.08,91.3992,23.4958,68.8641
44.59,35.61,98.4052,23.4958,75.0517
44.59,37.14,103.9231,23.4958,81.4915
44.59,38.67,109.333,23.4958,88.1817
44.59,40.2,119.4963,23.4958,95.1059
44.59,41.73,125.8255,23.4958,102.1726
44.59,43.27,132.141,23.4958,109.4669
44.59,44.8,138.363,23.4958,116.986
44.59,46.33,144.8982,23.4958,124.7271
44.59,47.86,154.5561,23.4958,132.6873
44.59,49.39,164.4403,23.4958,140.864
44.59,50.92,171.3099,23.4958,149.2542
44.59,52.45,179.1273,23.4958,157.8553
44.59,53.98,187.6816,23.4958,166.6642
44.59,55.51,196.5315,23.4958,175.6784
44.59,57.04,204.4135,23.4958,184.8948
44.59,58.57,214.0421,23.4958,194.3107
44.59,60.1,227.2216,23.4958,203.9233
44.59,61.63,237.57,23.4958,213.7298
44.59,63.16,244.9941,23.4958,223.7272
44.59,64.69,258.1285,23.4958,233.9128
44.59,66.22,267.9404,23.4958,244.2838
44.59,67.76,276.4068,23.4958,254.8373
44.59,69.29,285.5689,23.4958,265.5705
44.59,70.82,295.653,23.4958,276.4807
44.59,72.35,306.4347,23.4958,287.5649
44.59,73.88,319.9098,23.4958,298.8203
44.59,75.41,328.816,23.4958,310.2443
44.59,76.94,338.5068,23.4958,321.8339
44.59,78.47,357.0467,23.4958,333.5863
44.59,80.0,362.9938,23.4958,345.4989
45.41,5.0,25.1121,24.1494,1.5272
45.41,6.53,26.2337,24.1494,2.6019
45.41,8.06,27.2919,24.1494,3.959
45.41,9.59,29.0233,24.1494,5.5974
45.41,11.12,31.5353,24.1494,7.5156
45.41,12.65,33.3342,24.1494,9.7124
45.41,14.18,35.3344,24.1494,12.1862
45.41,15.71,37.2012,24.1494,14.9358
45.41,17.24,40.3856,24.1494,17.9596
45.41,18.78,43.4549,24.1494,21.256
45.41,20.31,47.0129,24.1494,24.8237
45.41,21.84,50.7295,24.1494,28.6609
45.41,23.37,54.3407,24.1494,32.7661
45.41,24.9,59.7695,24.1494,37.1376
45.41,26.43,63.7408,24.1494,41.7737
45.41,27.96,67.9774,24.1494,46.6729
45.41,29.49,73.3888,24.1494,51.8332
45.41,31.02,80.3517,24.1494,57.2531
45.41,32.55,83.5758,24.1494,62.9307
45.41,34.08,90.6629,24.1494,68.8641
45.41,35.61,96.9548,24.1494,75.0517
45.41,37.14,103.8425,24.1494,81.4915
45.41,38.67,110.7465,24.1494,88.1817
45.41,40.2,117.9859,24.1494,95.1059
45.41,41.73,127.9079,24.1494,102.1726
45.41,43.27,133.8575,24.1494,109.4669
45.41,44.8,141.7025,24.1494,116.986
45.41,46.33,148.3129,24.1494,124.7271
45.41,47.86,155.9674,24.1494,132.6873
45.41,49.39,163.6377,24.1494,140.864
45.41,50.92,170.3326,24.1494,149.2542
45.41,52.45,182.5039,24.1494,157.8553
45.41,53.98,190.163,24.1494,166.6642
45.41,55.51,200.6691,24.1494,175.6784
45.41,57.04,205.8739,24.1494,184.8948
45.41,58.57,215.6764,24.1494,194.3107
45.41,60.1,225.1685,24.1494,203.9233
45.41,61.63,235.5807,24.1494,213.7298
45.41,63.16,247.9207,24.1494,223.7272
45.41,64.69,255.2349,24.1494,233.9128
45.41,66.22,267.5844,24.1494,244.2838
45.41,67.76,276.0,24.1494,254.8373
45.41,69.29,286.7075,24.1494,265.5705
45.41,70.82,302.2822,24.1494,276.4807
45.41,72.35,307.1754,24.1494,287.5649
45.41,73.88,317.5393,24.1494,298.8203
45.41,75.41,326.3566,24.1494,310.2443
45.41,76.94,332.6715,24.1494,321.8339
45.41,78.47,347.0605,24.1494,333.5863
45.41,80.0,357.9824,24.1494,345.4989
46.22,5.0,25.9669,24.808,1.5272
46.22,6.53,26.7634,24.808,2.6019
46.22,8.06,28.1584,24.808,3.959
46.22,9.59,29.6514,24.808,5.5974
46.22,11.12,31.563,24.808,7.5156
46.22,12.65,33.5586,24.808,9.7124
46.22,14.18,35.6183,24.808,12.1862
46.22,15.71,38.5801,24.808,14.9358
46.22,17.24,41.8384,24.808,17.9596
46.22,18.78,44.5793,24.808,21.256
46.22,20.31,47.0333,24.808,24.8237
46.22,21.84,51.7611,24.808,28.6609
46.22,23.37,55.763,24.808,32.7661
46.22,24.9,60.636,24.808,37.1376
46.22,26.43,64.6592,24.808,41.7737
46.22,27.96,70.4448,24.808,46.6729
46.22,29.49,76.349,24.808,51.8332
46.22,31.02,80.8787,24.808,57.2531
46.22,32.55,87.7298,24.808,62.9307
46.22,34.08,92.3215,24.808,68.8641
46.22,35.61,98.771,24.808,75.0517
46.22,37.14,106.3947,24.808,81.4915
46.22,38.67,112.9024,24.808,88.1817
46.22,40.2,120.2635,24.808,95.1059
46.22,41.73,126.2621,24.808,102.1726
46.22,43.27,134.8708,24.808,109.4669
46.22,44.8,140.2879,24.808,116.986
46.22,46.33,148.0992,24.808,124.7271
46.22,47.86,154.3051,24.808,132.6873
46.22,49.39,164.5858,24.808,140.864
46.22,50.92,170.755,24.808,149.2542
46.22,52.45,182.3142,24.808,157.8553
46.22,53.98,188.8532,24.808,166.6642
46.22,55.51,196.8903,24.808,175.6784
46.22,57.04,207.8018,24.808,184.8948
46.22,58.57,219.5431,24.808,194.3107
46.22,60.1,229.9959,24.808,203.9233
46.22,61.63,234.6713,24.808,213.7298
46.22,63.16,247.2045,24.808,223.7272
46.22,64.69,257.3648,24.808,233.9128
46.22,66.22,269.7703,24.808,244.2838
46.22,67.76,276.5156,24.808,254.8373
46.22,69.29,290.4251,24.808,265.5705
46.22,70.82,302.5812,24.808,276.4807
46.22,72.35,313.1757,24.808,287.5649
46.22,73.88,330.8249,24.808,298.8203
46.22,75.41,334.8057,24.808,310.2443
46.22,76.94,344.2509,24.808,321.8339
46.22,78.47,357.19,24.808,333.5863
46.22,80.0,367.2846,24.808,345.4989
47.04,5.0,26.9942,25.4714,1.5272
47.04,6.53,28.2026,25.4714,2.6019
47.04,8.06,29.7962,25.4714,3.959
47.04,9.59,30.82,25.4714,5.5974
47.04,11.12,32.7556,25.4714,7.5156
47.04,12.65,33.978,25.4714,9.7124
47.04,14.18,36.5853,25.4714,12.1862
47.04,15.71,39.1974,25.4714,14.9358
47.04,17.24,41.3445,25.4714,17.9596
47.04,18.78,44.6638,25.4714,21.256
47.04,20.31,47.3043,25.4714,24.8237
47.04,21.84,50.4953,25.4714,28.6609
47.04,23.37,54.9976,25.4714,32.7661
47.04,24.9,60.1888,25.4714,37.1376
47.04,26.43,65.4523,25.4714,41.7737
47.04,27.96,70.6722,25.4714,46.6729
47.04,29.49,75.6277,25.4714,51.8332
47.04,31.02,81.1836,25.4714,57.2531
47.04,32.55,88.3192,25.4714,62.9307
47.04,34.08,94.6047,25.4714,68.8641
47.04,35.61,99.6765,25.4714,75.0517
47.04,37.14,107.0877,25.4714,81.4915
47.04,38.67,113.5306,25.4714,88.1817
47.04,40.2,119.4346,25.4714,95.1059
47.04,41.73,127.6752,25.4714,102.1726
47.04,43.27,133.7886,25.4714,109.4669
47.04,44.8,139.49,25.4714,116.986
47.04,46.33,149.2199,25.4714,124.7271
47.04,47.86,159.235,25.4714,132.6873
47.04,49.39,167.4778,25.4714,140.864
47.04,50.92,172.8762,25.4714,149.2542
47.04,52.45,182.4983,25.4714,157.8553
47.04,53.98,189.3922,25.4714,166.6642
47.04,55.51,198.7845,25.4714,175.6784
47.04,57.04,208.4175,25.4714,184.8948
47.04,58.57,219.3621,25.4714,194.3107
47.04,60.1,230.4676,25.4714,203.9233
47.04,61.63,238.7178,25.4714,213.7298
47.04,63.16,247.1011,25.4714,223.7272
47.04,64.69,258.5394,25.4714,233.9128
47.04,66.22,272.1566,25.4714,244.2838
47.04,67.76,281.5412,25.4714,254.8373
47.04,69.29,290.2916,25.4714,265.5705
47.04,70.82,298.7713,25.4714,276.4807
47.04,72.35,313.7943,25.4714,287.5649
47.04,73.88,318.1234,25.4714,298.8203
47.04,75.41,331.2887,25.4714,310.2443
47.04,76.94,342.5999,25.4714,321.8339
47.04,78.47,355.9262,25.4714,333.5863
47.04,80.0,368.1104,25.4714,345.4989
47.86,5.0,27.1615,26.1397,1.5272
47.86,6.53,28.1477,26.1397,2.6019
47.86,8.06,29.8925,26.1397,3.959
47.86,9.59,31.3301,26.1397,5.5974
47.86,11.12,32.8831,26.1397,7.5156
47.86,12.65,34.5008,26.1397,9.7124
47.86,14.18,37.8176,26.1397,12.1862
47.86,15.71,40.3861,26.1397,14.9358
47.86,17.24,42.6687,26.1397,17.9596
47.86,18.78,45.5526,26.1397,21.256
47.86,20.31,49.0857,26.1397,24.8237
47.86,21.84,52.0546,26.1397,28.6609
47.86,23.37,56.2476,26.1397,32.7661
47.86,24.9,61.2361,26.1397,37.1376
47.86,26.43,65.7902,26.1397,41.7737
47.86,27.96,70.3174,26.1397,46.6729
47.86,29.49,75.6006,26.1397,51.8332
47.86,31.02,81.3741,26.1397,57.2531
47.86,32.55,86.296,26.1397,62.9307
47.86,34.08,92.5395,26.1397,68.8641
47.86,35.61,99.5455,26.1397,75.0517
47.86,37.14,106.5923,26.1397,81.4915
47.86,38.67,111.5394,26.1397,88.1817
47.86,40.2,120.1424,26.1397,95.1059
47.86,41.73,127.8777,26.1397,102.1726
47.86,43.27,134.7897,26.1397,109.4669
47.86,44.8,141.9936,26.1397,116.986
47.86,46.33,147.8501,26.1397,124.7271
47.86,47.86,153.7309,26.1397,132.6873
47.86,49.39,165.22,26.1397,140.864
47.86,50.92,172.2818,26.1397,149.2542
47.86,52.45,179.757,26.1397,157.8553
47.86,53.98,188.016,26.1397,166.6642
47.86,55.51,194.0623,26.1397,175.6784
47.86,57.04,204.2296,26.1397,184.8948
47.86,58.57,215.7997,26.1397,194.3107
47.86,60.1,225.8402,26.1397,203.9233
47.86,61.63,233.6615,26.1397,213.7298
47.86,63.16,245.2539,26.1397,223.7272
47.86,64.69,255.0224,26.1397,233.9128
47.86,66.22,266.6254,26.1397,244.2838
47.86,67.76,275.9303,26.1397,254.8373
47.86,69.29,288.647,26.1397,265.5705
47.86,70.82,304.072,26.1397,276.4807
47.86,72.35,313.4897,26.1397,287.5649
47.86,73.88,322.3652,26.1397,298.8203
47.86,75.41,335.1652,26.1397,310.2443
47.86,76.94,348.9659,26.1397,321.8339
47.86,78.47,358.0505,26.1397,333.5863
47.86,80.0,366.929,26.1397,345.4989
48.67,5.0,28.1815,26.8125,1.5272
48.67,6.53,29.2771,26.8125,2.6019
48.67,8.06,29.9492,26.8125,3.959
48.67,9.59,31.9366,26.8125,5.5974
48.67,11.12,33.8971,26.8125,7.5156
48.67,12.65,35.6536,26.8125,9.7124
48.67,14.18,38.1928,26.8125,12.1862
48.67,15.71,41.2061,26.8125,14.9358
48.67,17.24,43.7201,26.8125,17.9596
48.67,18.78,46.3546,26.8125,21.256
48.67,20.31,50.2221,26.8125,24.8237
48.67,21.84,53.7143,26.8125,28.6609
48.67,23.37,56.4557,26.8125,32.7661
48.67,24.9,60.6213,26.8125,37.1376
48.67,26.43,65.8559,26.8125,41.7737
48.67,27.96,70.9461,26.8125,46.6729
48.67,29.49,75.9569,26.8125,51.8332
48.67,31.02,80.7657,26.8125,57.2531
48.67,32.55,86.9094,26.8125,62.9307
48.67,34.08,93.1698,26.8125,68.8641
48.67,35.61,99.6601,26.8125,75.0517
48.67,37.14,106.2474,26.8125,81.4915
48.67,38.67,112.8728,26.8125,88.1817
48.67,40.2,119.6159,26.8125,95.1059
48.67,41.73,128.1974,26.8125,102.1726
48.67,43.27,135.0886,26.8125,109.4669
48.67,44.8,140.8577,26.8125,116.986
48.67,46.33,148.4699,26.8125,124.7271
48.67,47.86,154.0151,26.8125,132.6873
48.67,49.39,163.0008,26.8125,140.864
48.67,50.92,174.3357,26.8125,149.2542
48.67,52.45,184.7328,26.8125,157.8553
48.67,53.98,195.2834,26.8125,166.6642
48.67,55.51,205.126,26.8125,175.6784
48.67,57.04,212.3229,26.8125,184.8948
48.67,58.57,220.3584,26.8125,194.3107
48.67,60.1,232.7254,26.8125,203.9233
48.67,61.63,239.9426,26.8125,213.7298
48.67,63.16,249.2905,26.8125,223.7272
48.67,64.69,260.5511,26.8125,233.9128
48.67,66.22,267.8327,26.8125,244.2838
48.67,67.76,276.5256,26.8125,254.8373
48.67,69.29,287.2792,26.8125,265.5705
48.67,70.82,297.1619,26.8125,276.4807
48.67,72.35,305.5829,26.8125,287.5649
48.67,73.88,323.8817,26.8125,298.8203
48.67,75.41,334.435,26.8125,310.2443
48.67,76.94,349.6069,26.8125,321.8339
48.67,78.47,357.9699,26.8125,333.5863
48.67,80.0,374.6372,26.8125,345.4989
49.49,5.0,29.157,27.49,1.5272
49.49,6.53,30.0078,27.49,2.6019
49.49,8.06,31.2991,27.49,3.959
49.49,9.59,32.6703,27.49,5.5974
49.49,11.12,34.8324,27.49,7.5156
49.49,12.65,37.1478,27.49,9.7124
49.49,14.18,39.3447,27.49,12.1862
49.49,15.71,41.6554,27.49,14.9358
49.49,17.24,44.4819,27.49,17.9596
49.49,18.78,47.0462,27.49,21.256
49.49,20.31,50.1044,27.49,24.8237
49.49,21.84,53.9108,27.49,28.6609
49.49,23.37,57.438,27.49,32.7661
49.49,24.9,62.2531,27.49,37.1376
49.49,26.43,67.2468,27.49,41.7737
49.49,27.96,72.498,27.49,46.6729
49.49,29.49,77.7726,27.49,51.8332
49.49,31.02,83.2327,27.49,57.2531
49.49,32.55,87.4311,27.49,62.9307
49.49,34.08,94.4403,27.49,68.8641
49.49,35.61,102.0974,27.49,75.0517
49.49,37.14,107.2047,27.49,81.4915
49.49,38.67,112.9651,27.49,88.1817
49.49,40.2,120.9969,27.49,95.1059
49.49,41.73,127.6499,27.49,102.1726
49.49,43.27,132.9112,27.49,109.4669
49.49,44.8,142.0847,27.49,116.986
49.49,46.33,147.8537,27.49,124.7271
49.49,47.86,156.5346,27.49,132.6873
49.49,49.39,166.1121,27.49,140.864
49.49,50.92,174.0563,27.49,149.2542
49.49,52.45,184.9401,27.49,157.8553
49.49,53.98,189.6767,27.49,166.6642
49.49,55.51,199.7979,27.49,175.6784
49.49,57.04,209.5427,27.49,184.8948
49.49,58.57,215.5694,27.49,194.3107
49.49,60.1,224.0505,27.49,203.9233
49.49,61.63,235.866,27.49,213.7298
49.49,63.16,247.0234,27.49,223.7272
49.49,64.69,255.1198,27.49,233.9128
49.49,66.22,267.4422,27.49,244.2838
49.49,67.76,280.4625,27.49,254.8373
49.49,69.29,292.1865,27.49,265.5705
49.49,70.82,304.3232,27.49,276.4807
49.49,72.35,315.0248,27.49,287.5649
49.49,73.88,329.1313,27.49,298.8203
49.49,75.41,334.8812,27.49,310.2443
49.49,76.94,343.4948,27.49,321.8339
49.49,78.47,354.1616,27.49,333.5863
49.49,80.0,368.694,27.49,345.4989
50.31,5.0,29.7498,28.1719,1.5272
50.31,6.53,30.5066,28.1719,2.6019
50.31,8.06,32.0468,28.1719,3.959
50.31,9.59,33.7349,28.1719,5.5974
50.31,11.12,35.3699,28.1719,7.5156
50.31,12.65,37.2346,28.1719,9.7124
50.31,14.18,39.8257,28.1719,12.1862
50.31,15.71,42.6313,28.1719,14.9358
50.31,17.24,45.3403,28.1719,17.9596
50.31,18.78,47.7732,28.1719,21.256
50.31,20.31,51.4463,28.1719,24.8237
50.31,21.84,54.2656,28.1719,28.6609
50.31,23.37,58.5135,28.1719,32.7661
50.31,24.9,62.7707,28.1719,37.1376
50.31,26.43,68.2503,28.1719,41.7737
50.31,27.96,72.5395,28.1719,46.6729
50.31,29.49,79.5434,28.1719,51.8332
50.31,31.02,86.1998,28.1719,57.2531
50.31,32.55,91.2188,28.1719,62.9307
50.31,34.08,96.6841,28.1719,68.8641
50.31,35.61,104.2436,28.1719,75.0517
50.31,37.14,109.4731,28.1719,81.4915
50.31,38.67,115.1729,28.1719,88.1817
50.31,40.2,121.3223,28.1719,95.1059
50.31,41.73,129.3587,28.1719,102.1726
50.31,43.27,136.1344,28.1719,109.4669
50.31,44.8,144.7178,28.1719,116.986
50.31,46.33,150.9429,28.1719,124.7271
50.31,47.86,158.0321,28.1719,132.6873
50.31,49.39,163.5851,28.1719,140.864
50.31,50.92,172.7408,28.1719,149.2542
50.31,52.45,183.613,28.1719,157.8553
50.31,53.98,191.1123,28.1719,166.6642
50.31,55.51,202.7276,28.1719,175.6784
50.31,57.04,212.6573,28.1719,184.8948
50.31,58.57,219.4796,28.1719,194.3107
50.31,60.1,229.0903,28.1719,203.9233
50.31,61.63,241.4057,28.1719,213.7298
50.31,63.16,249.8056,28.1719,223.7272
50.31,64.69,260.5676,28.1719,233.9128
50.31,66.22,271.8998,28.1719,244.2838
50.31,67.76,283.1539,28.1719,254.8373
50.31,69.29,295.7469,28.1719,265.5705
50.31,70.82,306.0182,28.1719,276.4807
50.31,72.35,311.5734,28.1719,287.5649
50.31,73.88,325.951,28.1719,298.8203
50.31,75.41,335.5393,28.1719,310.2443
50.31,76.94,345.9582,28.1719,321.8339
50.31,78.47,362.914,28.1719,333.5863
50.31,80.0,373.2582,28.1719,345.4989
51.12,5.0,30.2441,28.8581,1.5272
51.12,6.53,31.3828,28.8581,2.6019
51.12,8.06,32.3967,28.8581,3.959
51.12,9.59,34.184,28.8581,5.5974
51.12,11.12,35.7687,28.8581,7.5156
51.12,12.65,37.7496,28.8581,9.7124
51.12,14.18,40.451,28.8581,12.1862
51.12,15.71,43.1012,28.8581,14.9358
51.12,17.24,45.533,28.8581,17.9596
51.12,18.78,48.5861,28.8581,21.256
51.12,20.31,51.2794,28.8581,24.8237
51.12,21.84,54.8036,28.8581,28.6609
51.12,23.37,59.573,28.8581,32.7661
51.12,24.9,64.6734,28.8581,37.1376
51.12,26.43,69.3542,28.8581,41.7737
51.12,27.96,74.5855,28.8581,46.6729
51.12,29.49,79.682,28.8581,51.8332
51.12,31.02,85.0378,28.8581,57.2531
51.12,32.55,90.2361,28.8581,62.9307
51.12,34.08,96.2178,28.8581,68.8641
51.12,35.61,101.3586,28.8581,75.0517
51.12,37.14,109.4947,28.8581,81.4915
51.12,38.67,116.6795,28.8581,88.1817
51.12,40.2,124.4419,28.8581,95.1059
51.12,41.73,131.2919,28.8581,102.1726
51.12,43.27,135.9743,28.8581,109.4669
51.12,44.8,144.1519,28.8581,116.986
51.12,46.33,152.9757,28.8581,124.7271
51.12,47.86,160.2562,28.8581,132.6873
51.12,49.39,168.941,28.8581,140.864
51.12,50.92,175.6172,28.8581,149.2542
51.12,52.45,184.7007,28.8581,157.8553
51.12,53.98,189.9757,28.8581,166.6642
51.12,55.51,203.1007,28.8581,175.6784
51.12,57.04,213.7784,28.8581,184.8948
51.12,58.57,223.4474,28.8581,194.3107
51.12,60.1,233.2651,28.8581,203.9233
51.12,61.63,243.5844,28.8581,213.7298
51.12,63.16,255.3304,28.8581,223.7272
51.12,64.69,263.7331,28.8581,233.9128
51.12,66.22,271.9877,28.8581,244.2838
51.12,67.76,287.5981,28.8581,254.8373
51.12,69.29,299.466,28.8581,265.5705
51.12,70.82,308.744,28.8581,276.4807
51.12,72.35,318.9011,28.8581,287.5649
51.12,73.88,325.7233,28.8581,298.8203
51.12,75.41,344.6339,28.8581,310.2443
51.12,76.94,353.0106,28.8581,321.8339
51.12,78.47,363.4986,28.8581,333.5863
51.12,80.0,373.8981,28.8581,345.4989
51.94,5.0,30.9688,29.5486,1.5272
51.94,6.53,31.8781,29.5486,2.6019
51.94,8.06,33.1737,29.5486,3.959
51.94,9.59,34.3613,29.5486,5.5974
51.94,11.12,36.7194,29.5486,7.5156
51.94,12.65,39.1347,29.5486,9.7124
51.94,14.18,41.3113,29.5486,12.1862
51.94,15.71,43.8001,29.5486,14.9358
51.94,17.24,46.3363,29.5486,17.9596
51.94,18.78,49.4966,29.5486,21.256
51.94,20.31,52.386,29.5486,24.8237
51.94,21.84,56.2829,29.5486,28.6609
51.94,23.37,59.701,29.5486,32.7661
51.94,24.9,64.911,29.5486,37.1376
51.94,26.43,68.4038,29.5486,41.7737
51.94,27.96,75.4927,29.5486,46.6729
51.94,29.49,80.3148,29.5486,51.8332
51.94,31.02,85.422,29.5486,57.2531
51.94,32.55,90.1106,29.5486,62.9307
51.94,34.08,97.2699,29.5486,68.8641
51.94,35.61,102.9276,29.5486,75.0517
51.94,37.14,107.9828,29.5486,81.4915
51.94,38.67,115.4488,29.5486,88.1817
51.94,40.2,121.0969,29.5486,95.1059
51.94,41.73,127.8444,29.5486,102.1726
51.94,43.27,136.4194,29.5486,109.4669
51.94,44.8,144.2457,29.5486,116.986
51.94,46.33,152.0323,29.5486,124.7271
51.94,47.86,158.9462,29.5486,132.6873
51.94,49.39,167.9619,29.5486,140.864
51.94,50.92,176.5883,29.5486,149.2542
51.94,52.45,185.6886,29.5486,157.8553
51.94,53.98,192.4532,29.5486,166.6642
51.94,55.51,202.9921,29.5486,175.6784
51.94,57.04,211.8135,29.5486,184.8948
51.94,58.57,217.7045,29.5486,194.3107
51.94,60.1,230.06,29.5486,203.9233
51.94,61.63,240.5506,29.5486,213.7298
51.94,63.16,250.5565,29.5486,223.7272
51.94,64.69,262.4259,29.5486,233.9128
51.94,66.22,272.1904,29.5486,244.2838
51.94,67.76,282.0135,29.5486,254.8373
51.94,69.29,295.4864,29.5486,265.5705
51.94,70.82,305.722,29.5486,276.4807
51.94,72.35,318.5711,29.5486,287.5649
51.94,73.88,329.7427,29.5486,298.8203
51.94,75.41,344.1268,29.5486,310.2443
51.94,76.94,359.5097,29.5486,321.8339
51.94,78.47,364.1981,29.5486,333.5863
51.94,80.0,378.8712,29.5486,345.4989
52.76,5.0,31.9365,30.2431,1.5272
52.76,6.53,32.6357,30.2431,2.6019
52.76,8.06,34.2227,30.2431,3.959
52.76,9.59,36.0421,30.2431,5.5974
52.76,11.12,37.1547,30.2431,7.5156
52.76,12.65,38.8603,30.2431,9.7124
52.76,14.18,40.9316,30.2431,12.1862
52.76,15.71,43.6016,30.2431,14.9358
52.76,17.24,46.5594,30.2431,17.9596
52.76,18.78,49.5371,30.2431,21.256
52.76,20.31,53.2739,30.2431,24.8237
52.76,21.84,56.4076,30.2431,28.6609
52.76,23.37,59.9602,30.2431,32.7661
52.76,24.9,64.1856,30.2431,37.1376
52.76,26.43,69.7655,30.2431,41.7737
52.76,27.96,74.0042,30.2431,46.6729
52.76,29.49,79.6739,30.2431,51.8332
52.76,31.02,85.6221,30.2431,57.2531
52.76,32.55,90.9262,30.2431,62.9307
52.76,34.08,95.8982,30.2431,68.8641
52.76,35.61,101.8837,30.2431,75.0517
52.76,37.14,108.156,30.2431,81.4915
52.76,38.67,116.1518,30.2431,88.1817
52.76,40.2,123.8565,30.2431,95.1059
52.76,41.73,132.3134,30.2431,102.1726
52.76,43.27,139.6594,30.2431,109.4669
52.76,44.8,145.0908,30.2431,116.986
52.76,46.33,153.5562,30.2431,124.7271
52.76,47.86,162.461,30.2431,132.6873
52.76,49.39,169.3223,30.2431,140.864
52.76,50.92,176.1072,30.2431,149.2542
52.76,52.45,186.4181,30.2431,157.8553
52.76,53.98,196.7025,30.2431,166.6642
52.76,55.51,203.9206,30.2431,175.6784
52.76,57.04,211.859,30.2431,184.8948
52.76,58.57,219.3245,30.2431,194.3107
52.76,60.1,233.626,30.2431,203.9233
52.76,61.63,240.9567,30.2431,213.7298
52.76,63.16,248.1312,30.2431,223.7272
52.76,64.69,261.219,30.2431,233.9128
52.76,66.22,266.5759,30.2431,244.2838
52.76,67.76,276.4738,30.2431,254.8373
52.76,69.29,284.4625,30.2431,265.5705
52.76,70.82,304.9664,30.2431,276.4807
52.76,72.35,313.0385,30.2431,287.5649
52.76,73.88,323.6495,30.2431,298.8203
52.76,75.41,337.2917,30.2431,310.2443
52.76,76.94,350.5323,30.2431,321.8339
52.76,78.47,359.6632,30.2431,333.5863
52.76,80.0,369.7113,30.2431,345.4989
53.57,5.0,31.917,30.9417,1.5272
53.57,6.53,33.2919,30.9417,2.6019
53.57,8.06,34.6776,30.9417,3.959
53.57,9.59,35.8681,30.9417,5.5974
53.57,11.12,37.9263,30.9417,7.5156
53.57,12.65,40.5502,30.9417,9.7124
53.57,14.18,42.3211,30.9417,12.1862
53.57,15.71,45.066,30.9417,14.9358
53.57,17.24,48.3658,30.9417,17.9596
53.57,18.78,51.5436,30.9417,21.256
53.57,20.31,55.3222,30.9417,24.8237
53.57,21.84,58.3616,30.9417,28.6609
53.57,23.37,62.0171,30.9417,32.7661
53.57,24.9,66.7186,30.9417,37.1376
53.57,26.43,70.9955,30.9417,41.7737
53.57,27.96,76.2645,30.9417,46.6729
53.57,29.49,81.6424,30.9417,51.8332
53.57,31.02,86.9838,30.9417,57.2531
53.57,32.55,91.6601,30.9417,62.9307
53.57,34.08,96.209,30.9417,68.8641
53.57,35.61,102.6104,30.9417,75.0517
53.57,37.14,109.6567,30.9417,81.4915
53.57,38.67,115.9496,30.9417,88.1817
53.57,40.2,123.3987,30.9417,95.1059
53.57,41.73,132.2089,30.9417,102.1726
53.57,43.27,138.6848,30.9417,109.4669
53.57,44.8,146.4333,30.9417,116.986
53.57,46.33,151.9817,30.9417,124.7271
53.57,47.86,162.6904,30.9417,132.6873
53.57,49.39,169.5523,30.9417,140.864
53.57,50.92,176.9933,30.9417,149.2542
53.57,52.45,186.3143,30.9417,157.8553
53.57,53.98,196.248,30.9417,166.6642
53.57,55.51,206.5702,30.9417,175.6784
53.57,57.04,220.1583,30.9417,184.8948
53.57,58.57,228.2118,30.9417,194.3107
53.57,60.1,237.509,30.9417,203.9233
53.57,61.63,244.7184,30.9417,213.7298
53.57,63.16,261.603,30.9417,223.7272
53.57,64.69,269.0971,30.9417,233.9128
53.57,66.22,280.0639,30.9417,244.2838
53.57,67.76,288.1453,30.9417,254.8373
53.57,69.29,293.804,30.9417,265.5705
53.57,70.82,302.515,30.9417,276.4807
53.57,72.35,315.5061,30.9417,287.5649
53.57,73.88,325.0833,30.9417,298.8203
53.57,75.41,341.9479,30.9417,310.2443
53.57,76.94,354.3151,30.9417,321.8339
53.57,78.47,369.8311,30.9417,333.5863
53.57,80.0,381.5453,30.9417,345.4989
54.39,5.0,34.1742,31.6443,1.5272
54.39,6.53,34.9666,31.6443,2.6019
54.39,8.06,35.5541,31.6443,3.959
54.39,9.59,36.7415,31.6443,5.5974
54.39,11.12,38.8743,31.6443,7.5156
54.39,12.65,40.2605,31.6443,9.7124
54.39,14.18,42.7532,31.6443,12.1862
54.39,15.71,45.5932,31.6443,14.9358
54.39,17.24,47.9924,31.6443,17.9596
54.39,18.78,52.0751,31.6443,21.256
54.39,20.31,54.4199,31.6443,24.8237
54.39,21.84,58.6291,31.6443,28.6609
54.39,23.37,61.6018,31.6443,32.7661
54.39,24.9,67.033,31.6443,37.1376
54.39,26.43,71.209,31.6443,41.7737
54.39,27.96,77.374,31.6443,46.6729
54.39,29.49,80.6881,31.6443,51.8332
54.39,31.02,86.4571,31.6443,57.2531
54.39,32.55,91.7353,31.6443,62.9307
54.39,34.08,96.4261,31.6443,68.8641
54.39,35.61,104.9529,31.6443,75.0517
54.39,37.14,110.4387,31.6443,81.4915
54.39,38.67,116.3645,31.6443,88.1817
54.39,40.2,123.2735,31.6443,95.1059
54.39,41.73,130.1669,31.6443,102.1726
54.39,43.27,138.9643,31.6443,109.4669
54.39,44.8,146.13,31.6443,116.986
54.39,46.33,151.7406,31.6443,124.7271
54.39,47.86,160.5772,31.6443,132.6873
54.39,49.39,170.6877,31.6443,140.864
54.39,50.92,180.4733,31.6443,149.2542
54.39,52.45,185.1741,31.6443,157.8553
54.39,53.98,195.6033,31.6443,166.6642
54.39,55.51,202.5711,31.6443,175.6784
54.39,57.04,212.1444,31.6443,184.8948
54.39,58.57,220.2393,31.6443,194.3107
54.39,60.1,233.4272,31.6443,203.9233
54.39,61.63,244.459,31.6443,213.7298
54.39,63.16,257.4793,31.6443,223.7272
54.39,64.69,267.6443,31.6443,233.9128
54.39,66.22,273.1617,31.6443,244.2838
54.39,67.76,283.3696,31.6443,254.8373
54.39,69.29,289.0039,31.6443,265.5705
54.39,70.82,300.1645,31.6443,276.4807
54.39,72.35,314.5226,31.6443,287.5649
54.39,73.88,324.1841,31.6443,298.8203
54.39,75.41,335.1018,31.6443,310.2443
54.39,76.94,344.5782,31.6443,321.8339
54.39,78.47,358.2817,31.6443,333.5863
54.39,80.0,373.2555,31.6443,345.4989
55.2,5.0,33.529,32.3506,1.5272
55.2,6.53,34.7447,32.3506,2.6019
55.2,8.06,35.1889,32.3506,3.959
55.2,9.59,36.7588,32.3506,5.5974
55.2,11.12,39.177,32.3506,7.5156
55.2,12.65,41.9131,32.3506,9.7124
55.2,14.18,44.3965,32.3506,12.1862
55.2,15.71,45.9951,32.3506,14.9358
55.2,17.24,48.8417,32.3506,17.9596
55.2,18.78,52.1149,32.3506,21.256
55.2,20.31,55.2812,32.3506,24.8237
55.2,21.84,57.8756,32.3506,28.6609
55.2,23.37,61.5096,32.3506,32.7661
55.2,24.9,66.8376,32.3506,37.1376
55.2,26.43,70.7597,32.3506,41.7737
55.2,27.96,75.1299,32.3506,46.6729
55.2,29.49,81.0904,32.3506,51.8332
55.2,31.02,87.7644,32.3506,57.2531
55.2,32.55,93.0878,32.3506,62.9307
55.2,34.08,99.7175,32.3506,68.8641
55.2,35.61,105.7697,32.3506,75.0517
55.2,37.14,111.195,32.3506,81.4915
55.2,38.67,117.0608,32.3506,88.1817
55.2,40.2,122.7163,32.3506,95.1059
55.2,41.73,131.202,32.3506,102.1726
55.2,43.27,139.5604,32.3506,109.4669
55.2,44.8,144.5354,32.3506,116.986
55.2,46.33,153.5585,32.3506,124.7271
55.2,47.86,163.3391,32.3506,132.6873
55.2,49.39,170.3156,32.3506,140.864
55.2,50.92,178.9998,32.3506,149.2542
55.2,52.45,187.9828,32.3506,157.8553
55.2,53.98,200.3003,32.3506,166.6642
55.2,55.51,209.9813,32.3506,175.6784
55.2,57.04,223.0944,32.3506,184.8948
55.2,58.57,229.393,32.3506,194.3107
55.2,60.1,238.4446,32.3506,203.9233
55.2,61.63,247.4945,32.3506,213.7298
55.2,63.16,259.9019,32.3506,223.7272
55.2,64.69,271.247,32.3506,233.9128
55.2,66.22,280.0914,32.3506,244.2838
55.2,67.76,290.694,32.3506,254.8373
55.2,69.29,301.4561,32.3506,265.5705
55.2,70.82,311.9197,32.3506,276.4807
55.2,72.35,317.1298,32.3506,287.5649
55.2,73.88,329.917,32.3506,298.8203
55.2,75.41,343.8323,32.3506,310.2443
55.2,76.94,352.454,32.3506,321.8339
55.2,78.47,365.4571,32.3506,333.5863
55.2,80.0,374.7176,32.3506,345.4989
56.02,5.0,34.3382,33.0606,1.5272
56.02,6.53,35.5655,33.0606,2.6019
56.02,8.06,37.1405,33.0606,3.959
56.02,9.59,38.7448,33.0606,5.5974
56.02,11.12,40.4969,33.0606,7.5156
56.02,12.65,42.9744,33.0606,9.7124
56.02,14.18,44.5764,33.0606,12.1862
56.02,15.71,46.543,33.0606,14.9358
56.02,17.24,50.2414,33.0606,17.9596
56.02,18.78,52.8816,33.0606,21.256
56.02,20.31,55.6354,33.0606,24.8237
56.02,21.84,59.314,33.0606,28.6609
56.02,23.37,63.6869,33.0606,32.7661
56.02,24.9,67.7807,33.0606,37.1376
56.02,26.43,71.6845,33.0606,41.7737
56.02,27.96,76.0159,33.0606,46.6729
56.02,29.49,82.139,33.0606,51.8332
56.02,31.02,87.5714,33.0606,57.2531
56.02,32.55,94.1872,33.0606,62.9307
56.02,34.08,101.4068,33.0606,68.8641
56.02,35.61,107.3987,33.0606,75.0517
56.02,37.14,111.2651,33.0606,81.4915
56.02,38.67,119.6515,33.0606,88.1817
56.02,40.2,127.1243,33.0606,95.1059
56.02,41.73,131.64,33.0606,102.1726
56.02,43.27,136.7783,33.0606,109.4669
56.02,44.8,145.4715,33.0606,116.986
56.02,46.33,155.58,33.0606,124.7271
56.02,47.86,165.067,33.0606,132.6873
56.02,49.39,170.1742,33.0606,140.864
56.02,50.92,178.8337,33.0606,149.2542
56.02,52.45,190.1921,33.0606,157.8553
56.02,53.98,198.0386,33.0606,166.6642
56.02,55.51,204.5907,33.0606,175.6784
56.02,57.04,215.1988,33.0606,184.8948
56.02,58.57,219.8152,33.0606,194.3107
56.02,60.1,225.2841,33.0606,203.9233
56.02,61.63,239.1118,33.0606,213.7298
56.02,63.16,249.4132,33.0606,223.7272
56.02,64.69,266.5573,33.0606,233.9128
56.02,66.22,277.4335,33.0606,244.2838
56.02,67.76,290.8141,33.0606,254.8373
56.02,69.29,301.6319,33.0606,265.5705
56.02,70.82,311.4666,33.0606,276.4807
56.02,72.35,323.6365,33.0606,287.5649
56.02,73.88,334.7468,33.0606,298.8203
56.02,75.41,340.8466,33.0606,310.2443
56.02,76.94,357.7735,33.0606,321.8339
56.02,78.47,366.0355,33.0606,333.5863
56.02,80.0,380.0809,33.0606,345.4989
56.84,5.0,35.0962,33.7743,1.5272
56.84,6.53,36.2776,33.7743,2.6019
56.84,8.06,37.5957,33.7743,3.959
56.84,9.59,38.7404,33.7743,5.5974
56.84,11.12,40.5738,33.7743,7.5156
56.84,12.65,42.652,33.7743,9.7124
56.84,14.18,44.7851,33.7743,12.1862
56.84,15.71,48.0239,33.7743,14.9358
56.84,17.24,50.4179,33.7743,17.9596
56.84,18.78,53.122,33.7743,21.256
56.84,20.31,56.4475,33.7743,24.8237
56.84,21.84,59.6431,33.7743,28.6609
56.84,23.37,63.0006,33.7743,32.7661
56.84,24.9,66.8394,33.7743,37.1376
56.84,26.43,72.9599,33.7743,41.7737
56.84,27.96,77.5315,33.7743,46.6729
56.84,29.49,83.2526,33.7743,51.8332
56.84,31.02,89.6025,33.7743,57.2531
56.84,32.55,95.277,33.7743,62.9307
56.84,34.08,100.9834,33.7743,68.8641
56.84,35.61,107.03,33.7743,75.0517
56.84,37.14,111.4549,33.7743,81.4915
56.84,38.67,116.9401,33.7743,88.1817
56.84,40.2,123.0546,33.7743,95.1059
56.84,41.73,132.0854,33.7743,102.1726
56.84,43.27,142.9402,33.7743,109.4669
56.84,44.8,149.7993,33.7743,116.986
56.84,46.33,156.6498,33.7743,124.7271
56.84,47.86,163.7932,33.7743,132.6873
56.84,49.39,172.2925,33.7743,140.864
56.84,50.92,180.3378,33.7743,149.2542
56.84,52.45,190.5393,33.7743,157.8553
56.84,53.98,197.1814,33.7743,166.6642
56.84,55.51,203.9162,33.7743,175.6784
56.84,57.04,215.285,33.7743,184.8948
56.84,58.57,229.645,33.7743,194.3107
56.84,60.1,237.2349,33.7743,203.9233
56.84,61.63,244.26,33.7743,213.7298
56.84,63.16,255.7411,33.7743,223.7272
56.84,64.69,265.7779,33.7743,233.9128
56.84,66.22,273.1512,33.7743,244.2838
56.84,67.76,284.1543,33.7743,254.8373
56.84,69.29,300.6368,33.7743,265.5705
56.84,70.82,309.7587,33.7743,276.4807
56.84,72.35,320.2414,33.7743,287.5649
56.84,73.88,330.3151,33.7743,298.8203
56.84,75.41,341.7937,33.7743,310.2443
56.84,76.94,355.2277,33.7743,321.8339
56.84,78.47,375.764,33.7743,333.5863
56.84,80.0,388.83,33.7743,345.4989
57.65,5.0,37.0579,34.4915,1.5272
57.65,6.53,37.7629,34.4915,2.6019
57.65,8.06,38.5288,34.4915,3.959
57.65,9.59,39.7548,34.4915,5.5974
57.65,11.12,42.0872,34.4915,7.5156
57.65,12.65,43.6391,34.4915,9.7124
57.65,14.18,45.3835,34.4915,12.1862
57.65,15.71,48.6044,34.4915,14.9358
57.65,17.24,51.6277,34.4915,17.9596
57.65,18.78,54.0915,34.4915,21.256
57.65,20.31,57.7045,34.4915,24.8237
57.65,21.84,60.6794,34.4915,28.6609
57.65,23.37,63.9407,34.4915,32.7661
57.65,24.9,68.2269,34.4915,37.1376
57.65,26.43,73.0167,34.4915,41.7737
57.65,27.96,77.9249,34.4915,46.6729
57.65,29.49,84.042,34.4915,51.8332
57.65,31.02,89.4055,34.4915,57.2531
57.65,32.55,93.9752,34.4915,62.9307
57.65,34.08,100.9244,34.4915,68.8641
57.65,35.61,106.7408,34.4915,75.0517
57.65,37.14,111.6007,34.4915,81.4915
57.65,38.67,117.8528,34.4915,88.1817
57.65,40.2,126.0529,34.4915,95.1059
57.65,41.73,134.8132,34.4915,102.1726
57.65,43.27,139.7694,34.4915,109.4669
57.65,44.8,150.6627,34.4915,116.986
57.65,46.33,156.9183,34.4915,124.7271
57.65,47.86,164.5898,34.4915,132.6873
57.65,49.39,177.269,34.4915,140.864
57.65,50.92,185.0557,34.4915,149.2542
57.65,52.45,193.966,34.4915,157.8553
57.65,53.98,205.4023,34.4915,166.6642
57.65,55.51,212.0744,34.4915,175.6784
57.65,57.04,220.2359,34.4915,184.8948
57.65,58.57,225.1909,34.4915,194.3107
57.65,60.1,232.2992,34.4915,203.9233
57.65,61.63,245.1027,34.4915,213.7298
57.65,63.16,253.0389,34.4915,223.7272
57.65,64.69,265.6025,34.4915,233.9128
57.65,66.22,274.7409,34.4915,244.2838
57.65,67.76,285.3122,34.4915,254.8373
57.65,69.29,294.1151,34.4915,265.5705
57.65,70.82,309.7341,34.4915,276.4807
57.65,72.35,324.6672,34.4915,287.5649
57.65,73.88,337.1187,34.4915,298.8203
57.65,75.41,353.6823,34.4915,310.2443
57.65,76.94,357.012,34.4915,321.8339
57.65,78.47,372.5064,34.4915,333.5863
57.65,80.0,383.262,34.4915,345.4989
58.47,5.0,36.7614,35.212,1.5272
58.47,6.53,37.6759,35.212,2.6019
58.47,8.06,38.8356,35.212,3.959
58.47,9.59,40.2424,35.212,5.5974
58.47,11.12,42.354,35.212,7.5156
58.47,12.65,44.8901,35.212,9.7124
58.47,14.18,46.6052,35.212,12.1862
58.47,15.71,49.0412,35.212,14.9358
58.47,17.24,52.4729,35.212,17.9596
58.47,18.78,55.2925,35.212,21.256
58.47,20.31,57.422,35.212,24.8237
58.47,21.84,61.4285,35.212,28.6609
58.47,23.37,64.9056,35.212,32.7661
58.47,24.9,69.2386,35.212,37.1376
58.47,26.43,74.0141,35.212,41.7737
58.47,27.96,78.3992,35.212,46.6729
58.47,29.49,83.9691,35.212,51.8332
58.47,31.02,89.2381,35.212,57.2531
58.47,32.55,95.6267,35.212,62.9307
58.47,34.08,103.1767,35.212,68.8641
58.47,35.61,107.0414,35.212,75.0517
58.47,37.14,112.7017,35.212,81.4915
58.47,38.67,120.2546,35.212,88.1817
58.47,40.2,129.6336,35.212,95.1059
58.47,41.73,136.8525,35.212,102.1726
58.47,43.27,143.4947,35.212,109.4669
58.47,44.8,152.9375,35.212,116.986
58.47,46.33,157.6099,35.212,124.7271
58.47,47.86,164.7609,35.212,132.6873
58.47,49.39,173.3228,35.212,140.864
58.47,50.92,184.1423,35.212,149.2542
58.47,52.45,191.2629,35.212,157.8553
58.47,53.98,200.1806,35.212,166.6642
58.47,55.51,210.0289,35.212,175.6784
58.47,57.04,218.1195,35.212,184.8948
58.47,58.57,226.3506,35.212,194.3107
58.47,60.1,235.3354,35.212,203.9233
58.47,61.63,245.0677,35.212,213.7298
58.47,63.16,254.9495,35.212,223.7272
58.47,64.69,265.0887,35.212,233.9128
58.47,66.22,271.1156,35.212,244.2838
58.47,67.76,280.5689,35.212,254.8373
58.47,69.29,292.6652,35.212,265.5705
58.47,70.82,306.24,35.212,276.4807
58.47,72.35,318.533,35.212,287.5649
58.47,73.88,331.6108,35.212,298.8203
58.47,75.41,347.0173,35.212,310.2443
58.47,76.94,359.1195,35.212,321.8339
58.47,78.47,370.222,35.212,333.5863
58.47,80.0,384.7986,35.212,345.4989
59.29,5.0,37.2234,35.9359,1.5272
59.29,6.53,38.0295,35.9359,2.6019
59.29,8.06,39.2083,35.9359,3.959
59.29,9.59,41.2379,35.9359,5.5974
59.29,11.12,43.2842,35.9359,7.5156
59.29,12.65,45.002,35.9359,9.7124
59.29,14.18,47.8501,35.9359,12.1862
59.29,15.71,50.51,35.9359,14.9358
59.29,17.24,52.193,35.9359,17.9596
59.29,18.78,55.5312,35.9359,21.256
59.29,20.31,58.6026,35.9359,24.8237
59.29,21.84,61.6067,35.9359,28.6609
59.29,23.37,66.624,35.9359,32.7661
59.29,24.9,69.9872,35.9359,37.1376
59.29,26.43,74.5271,35.9359,41.7737
59.29,27.96,79.0616,35.9359,46.6729
59.29,29.49,84.3283,35.9359,51.8332
59.29,31.02,90.3409,35.9359,57.2531
59.29,32.55,96.3137,35.9359,62.9307
59.29,34.08,103.0973,35.9359,68.8641
59.29,35.61,108.205,35.9359,75.0517
59.29,37.14,113.2087,35.9359,81.4915
59.29,38.67,122.4696,35.9359,88.1817
59.29,40.2,127.7091,35.9359,95.1059
59.29,41.73,133.0006,35.9359,102.1726
59.29,43.27,141.0073,35.9359,109.4669
59.29,44.8,148.866,35.9359,116.986
59.29,46.33,159.5719,35.9359,124.7271
59.29,47.86,166.3238,35.9359,132.6873
59.29,49.39,175.4685,35.9359,140.864
59.29,50.92,182.9725,35.9359,149.2542
59.29,52.45,190.0164,35.9359,157.8553
59.29,53.98,194.5315,35.9359,166.6642
59.29,55.51,205.6097,35.9359,175.6784
59.29,57.04,215.1282,35.9359,184.8948
59.29,58.57,225.996,35.9359,194.3107
59.29,60.1,233.8651,35.9359,203.9233
59.29,61.63,246.1045,35.9359,213.7298
59.29,63.16,258.933,35.9359,223.7272
59.29,64.69,268.8451,35.9359,233.9128
59.29,66.22,279.3046,35.9359,244.2838
59.29,67.76,287.3778,35.9359,254.8373
59.29,69.29,298.3369,35.9359,265.5705
59.29,70.82,309.4988,35.9359,276.4807
59.29,72.35,322.6381,35.9359,287.5649
59.29,73.88,331.9057,35.9359,298.8203
59.29,75.41,341.7417,35.9359,310.2443
59.29,76.94,358.772,35.9359,321.8339
59.29,78.47,366.7679,35.9359,333.5863
59.29,80.0,374.1513,35.9359,345.4989
60.1,5.0,37.964,36.663,1.5272
60.1,6.53,38.5825,36.663,2.6019
60.1,8.06,40.0838,36.663,3.959
60.1,9.59,41.3566,36.663,5.5974
60.1,11.12,43.4925,36.663,7.5156
60.1,12.65,45.4869,36.663,9.7124
60.1,14.18,47.4746,36.663,12.1862
60.1,15.71,49.3646,36.663,14.9358
60.1,17.24,51.6964,36.663,17.9596
60.1,18.78,55.6176,36.663,21.256
60.1,20.31,58.6974,36.663,24.8237
60.1,21.84,62.7092,36.663,28.6609
60.1,23.37,66.867,36.663,32.7661
60.1,24.9,69.9121,36.663,37.1376
60.1,26.43,76.3549,36.663,41.7737
60.1,27.96,82.047,36.663,46.6729
60.1,29.49,86.3918,36.663,51.8332
60.1,31.02,90.2914,36.663,57.2531
60.1,32.55,95.4897,36.663,62.9307
60.1,34.08,101.7199,36.663,68.8641
60.1,35.61,107.433,36.663,75.0517
60.1,37.14,114.3827,36.663,81.4915
60.1,38.67,121.6814,36.663,88.1817
60.1,40.2,128.5415,36.663,95.1059
60.1,41.73,136.5945,36.663,102.1726
60.1,43.27,143.6507,36.663,109.4669
60.1,44.8,148.9698,36.663,116.986
60.1,46.33,159.1072,36.663,124.7271
60.1,47.86,166.9464,36.663,132.6873
60.1,49.39,173.1697,36.663,140.864
60.1,50.92,183.0743,36.663,149.2542
60.1,52.45,192.075,36.663,157.8553
60.1,53.98,202.738,36.663,166.6642
60.1,55.51,210.3287,36.663,175.6784
60.1,57.04,218.6847,36.663,184.8948
60.1,58.57,225.7127,36.663,194.3107
60.1,60.1,240.5009,36.663,203.9233
60.1,61.63,250.4162,36.663,213.7298
60.1,63.16,258.5003,36.663,223.7272
60.1,64.69,268.4378,36.663,233.9128
60.1,66.22,278.2594,36.663,244.2838
60.1,67.76,286.6494,36.663,254.8373
60.1,69.29,294.3916,36.663,265.5705
60.1,70.82,304.6175,36.663,276.4807
60.1,72.35,323.5329,36.663,287.5649
60.1,73.88,330.4823,36.663,298.8203
60.1,75.41,348.4443,36.663,310.2443
60.1,76.94,366.0346,36.663,321.8339
60.1,78.47,372.9631,36.663,333.5863
60.1,80.0,377.5695,36.663,345.4989
60.92,5.0,38.855,37.3932,1.5272
60.92,6.53,39.2899,37.3932,2.6019
60.92,8.06,40.839,37.3932,3.959
60.92,9.59,42.1277,37.3932,5.5974
60.92,11.12,43.3376,37.3932,7.5156
60.92,12.65,46.042,37.3932,9.7124
60.92,14.18,48.7831,37.3932,12.1862
60.92,15.71,51.3156,37.3932,14.9358
60.92,17.24,54.2384,37.3932,17.9596
60.92,18.78,57.3408,37.3932,21.256
60.92,20.31,60.1148,37.3932,24.8237
60.92,21.84,63.3705,37.3932,28.6609
60.92,23.37,66.8512,37.3932,32.7661
60.92,24.9,71.2349,37.3932,37.1376
60.92,26.43,76.5206,37.3932,41.7737
60.92,27.96,81.5683,37.3932,46.6729
60.92,29.49,88.1929,37.3932,51.8332
60.92,31.02,94.6864,37.3932,57.2531
60.92,32.55,98.8771,37.3932,62.9307
60.92,34.08,104.8331,37.3932,68.8641
60.92,35.61,110.1059,37.3932,75.0517
60.92,37.14,116.5381,37.3932,81.4915
60.92,38.67,121.3426,37.3932,88.1817
60.92,40.2,131.4337,37.3932,95.1059
60.92,41.73,135.5205,37.3932,102.1726
60.92,43.27,148.3172,37.3932,109.4669
60.92,44.8,151.7966,37.3932,116.986
60.92,46.33,158.3429,37.3932,124.7271
60.92,47.86,165.953,37.3932,132.6873
60.92,49.39,176.2499,37.3932,140.864
60.92,50.92,185.0756,37.3932,149.2542
60.92,52.45,194.8174,37.3932,157.8553
60.92,53.98,203.8634,37.3932,166.6642
60.92,55.51,215.3716,37.3932,175.6784
60.92,57.04,219.2938,37.3932,184.8948
60.92,58.57,231.1579,37.3932,194.3107
60.92,60.1,239.213,37.3932,203.9233
60.92,61.63,255.2564,37.3932,213.7298
60.92,63.16,265.4727,37.3932,223.7272
60.92,64.69,268.5536,37.3932,233.9128
60.92,66.22,282.6987,37.3932,244.2838
60.92,67.76,294.4104,37.3932,254.8373
60.92,69.29,300.7709,37.3932,265.5705
60.92,70.82,311.565,37.3932,276.4807
60.92,72.35,322.6991,37.3932,287.5649
60.92,73.88,337.2358,37.3932,298.8203
60.92,75.41,346.7808,37.3932,310.2443
60.92,76.94,356.1726,37.3932,321.8339
60.92,78.47,365.3404,37.3932,333.5863
60.92,80.0,385.38,37.3932,345.4989
61.73,5.0,40.173,38.1264,1.5272
61.73,6.53,41.146,38.1264,2.6019
61.73,8.06,42.0745,38.1264,3.959
61.73,9.59,43.5198,38.1264,5.5974
61.73,11.12,45.7769,38.1264,7.5156
61.73,12.65,47.6632,38.1264,9.7124
61.73,14.18,49.1179,38.1264,12.1862
61.73,15.71,51.8355,38.1264,14.9358
61.73,17.24,54.3511,38.1264,17.9596
61.73,18.78,57.2947,38.1264,21.256
61.73,20.31,59.965,38.1264,24.8237
61.73,21.84,64.7602,38.1264,28.6609
61.73,23.37,68.5853,38.1264,32.7661
61.73,24.9,71.44,38.1264,37.1376
61.73,26.43,76.6709,38.1264,41.7737
61.73,27.96,82.4518,38.1264,46.6729
61.73,29.49,87.6191,38.1264,51.8332
61.73,31.02,94.1025,38.1264,57.2531
61.73,32.55,98.8134,38.1264,62.9307
61.73,34.08,103.9629,38.1264,68.8641
61.73,35.61,109.2732,38.1264,75.0517
61.73,37.14,115.8257,38.1264,81.4915
61.73,38.67,125.8952,38.1264,88.1817
61.73,40.2,133.0063,38.1264,95.1059
61.73,41.73,139.8063,38.1264,102.1726
61.73,43.27,146.9041,38.1264,109.4669
61.73,44.8,151.1191,38.1264,116.986
61.73,46.33,160.0105,38.1264,124.7271
61.73,47.86,168.8055,38.1264,132.6873
61.73,49.39,176.5934,38.1264,140.864
61.73,50.92,186.3191,38.1264,149.2542
61.73,52.45,192.4424,38.1264,157.8553
61.73,53.98,200.6633,38.1264,166.6642
61.73,55.51,210.4808,38.1264,175.6784
61.73,57.04,219.1239,38.1264,184.8948
61.73,58.57,229.9774,38.1264,194.3107
61.73,60.1,238.4497,38.1264,203.9233
61.73,61.63,249.5994,38.1264,213.7298
61.73,63.16,266.4219,38.1264,223.7272
61.73,64.69,272.9357,38.1264,233.9128
61.73,66.22,280.1448,38.1264,244.2838
61.73,67.76,292.7938,38.1264,254.8373
61.73,69.29,298.2847,38.1264,265.5705
61.73,70.82,311.8191,38.1264,276.4807
61.73,72.35,324.7181,38.1264,287.5649
61.73,73.88,333.8195,38.1264,298.8203
61.73,75.41,349.5924,38.1264,310.2443
61.73,76.94,362.6208,38.1264,321.8339
61.73,78.47,369.4341,38.1264,333.5863
61.73,80.0,379.2016,38.1264,345.4989
62.55,5.0,39.5846,38.8625,1.5272
62.55,6.53,41.2537,38.8625,2.6019
62.55,8.06,42.0064,38.8625,3.959
62.55,9.59,44.6741,38.8625,5.5974
62.55,11.12,46.9063,38.8625,7.5156
62.55,12.65,49.1714,38.8625,9.7124
62.55,14.18,50.8404,38.8625,12.1862
62.55,15.71,53.2502,38.8625,14.9358
62.55,17.24,55.1924,38.8625,17.9596
62.55,18.78,57.9842,38.8625,21.256
62.55,20.31,60.3875,38.8625,24.8237
62.55,21.84,64.1741,38.8625,28.6609
62.55,23.37,68.8282,38.8625,32.7661
62.55,24.9,72.2601,38.8625,37.1376
62.55,26.43,75.9403,38.8625,41.7737
62.55,27.96,81.822,38.8625,46.6729
62.55,29.49,88.1362,38.8625,51.8332
62.55,31.02,93.3994,38.8625,57.2531
62.55,32.55,98.9003,38.8625,62.9307
62.55,34.08,104.2997,38.8625,68.8641
62.55,35.61,112.6758,38.8625,75.0517
62.55,37.14,119.265,38.8625,81.4915
62.55,38.67,126.6809,38.8625,88.1817
62.55,40.2,134.5329,38.8625,95.1059
62.55,41.73,139.8899,38.8625,102.1726
62.55,43.27,149.1517,38.8625,109.4669
62.55,44.8,152.1553,38.8625,116.986
62.55,46.33,160.5531,38.8625,124.7271
62.55,47.86,170.8381,38.8625,132.6873
62.55,49.39,181.5702,38.8625,140.864
62.55,50.92,187.4113,38.8625,149.2542
62.55,52.45,194.251,38.8625,157.8553
62.55,53.98,205.2773,38.8625,166.6642
62.55,55.51,215.2426,38.8625,175.6784
62.55,57.04,222.1618,38.8625,184.8948
62.55,58.57,232.3915,38.8625,194.3107
62.55,60.1,241.9072,38.8625,203.9233
62.55,61.63,249.9915,38.8625,213.7298
62.55,63.16,260.3369,38.8625,223.7272
62.55,64.69,270.5989,38.8625,233.9128
62.55,66.22,282.5381,38.8625,244.2838
62.55,67.76,291.6673,38.8625,254.8373
62.55,69.29,304.248,38.8625,265.5705
62.55,70.82,312.9778,38.8625,276.4807
62.55,72.35,323.9482,38.8625,287.5649
62.55,73.88,340.3692,38.8625,298.8203
62.55,75.41,347.8288,38.8625,310.2443
62.55,76.94,353.6076,38.8625,321.8339
62.55,78.47,371.019,38.8625,333.5863
62.55,80.0,380.6102,38.8625,345.4989
63.37,5.0,40.4148,39.6014,1.5272
63.37,6.53,41.4304,39.6014,2.6019
63.37,8.06,43.3948,39.6014,3.959
63.37,9.59,44.9498,39.6014,5.5974
63.37,11.12,46.8536,39.6014,7.5156
63.37,12.65,49.7118,39.6014,9.7124
63.37,14.18,51.4477,39.6014,12.1862
63.37,15.71,52.5589,39.6014,14.9358
63.37,17.24,55.8891,39.6014,17.9596
63.37,18.78,58.4156,39.6014,21.256
63.37,20.31,61.2156,39.6014,24.8237
63.37,21.84,64.5445,39.6014,28.6609
63.37,23.37,69.3667,39.6014,32.7661
63.37,24.9,73.142,39.6014,37.1376
63.37,26.43,78.0361,39.6014,41.7737
63.37,27.96,82.8454,39.6014,46.6729
63.37,29.49,85.9915,39.6014,51.8332
63.37,31.02,92.6031,39.6014,57.2531
63.37,32.55,99.786,39.6014,62.9307
63.37,34.08,106.5272,39.6014,68.8641
63.37,35.61,114.9549,39.6014,75.0517
63.37,37.14,117.5707,39.6014,81.4915
63.37,38.67,122.1858,39.6014,88.1817
63.37,40.2,129.2781,39.6014,95.1059
63.37,41.73,134.6158,39.6014,102.1726
63.37,43.27,145.1644,39.6014,109.4669
63.37,44.8,151.7891,39.6014,116.986
63.37,46.33,159.3677,39.6014,124.7271
63.37,47.86,170.6007,39.6014,132.6873
63.37,49.39,180.4893,39.6014,140.864
63.37,50.92,187.5132,39.6014,149.2542
63.37,52.45,198.9991,39.6014,157.8553
63.37,53.98,205.2669,39.6014,166.6642
63.37,55.51,213.4635,39.6014,175.6784
63.37,57.04,224.6155,39.6014,184.8948
63.37,58.57,233.4613,39.6014,194.3107
63.37,60.1,243.0142,39.6014,203.9233
63.37,61.63,256.0346,39.6014,213.7298
63.37,63.16,270.2865,39.6014,223.7272
63.37,64.69,271.6068,39.6014,233.9128
63.37,66.22,287.062,39.6014,244.2838
63.37,67.76,294.9041,39.6014,254.8373
63.37,69.29,301.0081,39.6014,265.5705
63.37,70.82,310.4482,39.6014,276.4807
63.37,72.35,323.4523,39.6014,287.5649
63.37,73.88,334.6957,39.6014,298.8203
63.37,75.41,343.9067,39.6014,310.2443
63.37,76.94,354.9206,39.6014,321.8339
63.37,78.47,371.8207,39.6014,333.5863
63.37,80.0,382.7838,39.6014,345.4989
64.18,5.0,41.8954,40.3431,1.5272
64.18,6.53,42.1835,40.3431,2.6019
64.18,8.06,44.4871,40.3431,3.959
64.18,9.59,45.2603,40.3431,5.5974
64.18,11.12,48.226,40.3431,7.5156
64.18,12.65,49.6556,40.3431,9.7124
64.18,14.18,51.79,40.3431,12.1862
64.18,15.71,54.0789,40.3431,14.9358
64.18,17.24,56.3338,40.3431,17.9596
64.18,18.78,60.1463,40.3431,21.256
64.18,20.31,63.2089,40.3431,24.8237
64.18,21.84,66.7065,40.3431,28.6609
64.18,23.37,69.8552,40.3431,32.7661
64.18,24.9,74.9583,40.3431,37.1376
64.18,26.43,78.7416,40.3431,41.7737
64.18,27.96,85.1404,40.3431,46.6729
64.18,29.49,89.8084,40.3431,51.8332
64.18,31.02,95.2965,40.3431,57.2531
64.18,32.55,101.4063,40.3431,62.9307
64.18,34.08,108.2581,40.3431,68.8641
64.18,35.61,113.5084,40.3431,75.0517
64.18,37.14,119.5797,40.3431,81.4915
64.18,38.67,126.5733,40.3431,88.1817
64.18,40.2,133.9608,40.3431,95.1059
64.18,41.73,140.3114,40.3431,102.1726
64.18,43.27,149.1011,40.3431,109.4669
64.18,44.8,157.4772,40.3431,116.986
64.18,46.33,163.4877,40.3431,124.7271
64.18,47.86,172.8904,40.3431,132.6873
64.18,49.39,182.2564,40.3431,140.864
64.18,50.92,189.7459,40.3431,149.2542
64.18,52.45,198.1369,40.3431,157.8553
64.18,53.98,203.5977,40.3431,166.6642
64.18,55.51,213.3431,40.3431,175.6784
64.18,57.04,222.3128,40.3431,184.8948
64.18,58.57,235.5959,40.3431,194.3107
64.18,60.1,248.3865,40.3431,203.9233
64.18,61.63,258.8493,40.3431,213.7298
64.18,63.16,264.6524,40.3431,223.7272
64.18,64.69,272.9203,40.3431,233.9128
64.18,66.22,283.1893,40.3431,244.2838
64.18,67.76,296.8965,40.3431,254.8373
64.18,69.29,305.4132,40.3431,265.5705
64.18,70.82,313.6525,40.3431,276.4807
64.18,72.35,327.4828,40.3431,287.5649
64.18,73.88,339.2003,40.3431,298.8203
64.18,75.41,343.9914,40.3431,310.2443
64.18,76.94,361.5652,40.3431,321.8339
64.18,78.47,367.5545,40.3431,333.5863
64.18,80.0,381.9611,40.3431,345.4989
65.0,5.0,42.5952,41.0874,1.5272
65.0,6.53,43.1681,41.0874,2.6019
65.0,8.06,45.1799,41.0874,3.959
65.0,9.59,46.6615,41.0874,5.5974
65.0,11.12,48.6992,41.0874,7.5156
65.0,12.65,50.6586,41.0874,9.7124
65.0,14.18,52.756,41.0874,12.1862
65.0,15.71,54.9794,41.0874,14.9358
65.0,17.24,57.9161,41.0874,17.9596
65.0,18.78,59.4515,41.0874,21.256
65.0,20.31,63.8651,41.0874,24.8237
65.0,21.84,67.2984,41.0874,28.6609
65.0,23.37,71.7276,41.0874,32.7661
65.0,24.9,76.2043,41.0874,37.1376
65.0,26.43,80.8524,41.0874,41.7737
65.0,27.96,85.1663,41.0874,46.6729
65.0,29.49,87.9082,41.0874,51.8332
65.0,31.02,94.753,41.0874,57.2531
65.0,32.55,100.1325,41.0874,62.9307
65.0,34.08,107.4131,41.0874,68.8641
65.0,35.61,114.3776,41.0874,75.0517
65.0,37.14,119.4453,41.0874,81.4915
65.0,38.67,125.094,41.0874,88.1817
65.0,40.2,131.6107,41.0874,95.1059
65.0,41.73,139.7351,41.0874,102.1726
65.0,43.27,145.4792,41.0874,109.4669
65.0,44.8,155.0274,41.0874,116.986
65.0,46.33,162.6752,41.0874,124.7271
65.0,47.86,171.9408,41.0874,132.6873
65.0,49.39,181.2842,41.0874,140.864
65.0,50.92,188.2915,41.0874,149.2542
65.0,52.45,196.5822,41.0874,157.8553
65.0,53.98,204.5603,41.0874,166.6642
65.0,55.51,212.3123,41.0874,175.6784
65.0,57.04,219.5213,41.0874,184.8948
65.0,58.57,229.8534,41.0874,194.3107
65.0,60.1,243.6192,41.0874,203.9233
65.0,61.63,256.1343,41.0874,213.7298
65.0,63.16,264.5499,41.0874,223.7272
65.0,64.69,272.8436,41.0874,233.9128
65.0,66.22,279.5104,41.0874,244.2838
65.0,67.76,284.2534,41.0874,254.8373
65.0,69.29,297.732,41.0874,265.5705
65.0,70.82,308.6354,41.0874,276.4807
65.0,72.35,324.0127,41.0874,287.5649
65.0,73.88,338.2404,41.0874,298.8203
65.0,75.41,342.3098,41.0874,310.2443
65.0,76.94,356.91,41.0874,321.8339
65.0,78.47,363.7288,41.0874,333.5863
65.0,80.0,379.8974,41.0874,345.4989
