Case_ID,Freq_Hz,DeltaT_K,L_beam_mm,t_piezo_mm,w_beam_mm,N_TEG,a0_g,f_resonance_Hz,V_PEH_V,P_PEH_mW,V_TEG_V,P_TEG_mW,P_total_mW,T_sensed_K,Efficiency_pct
0,10,5,30.0,0.2,15.0,127,0.5,64.92,0.00035,0.0,0.20232,1.5219,1.5295,305.06,0.05
1,10,5,30.0,0.3,15.0,127,1.0,84.62,0.00043,0.0,0.20359,1.5314,1.5391,305.42,0.05
2,10,5,30.0,0.5,15.0,127,2.0,129.05,0.00038,0.0,0.20611,1.5504,1.5581,305.38,0.05
3,10,5,40.0,0.2,15.0,127,0.5,41.83,0.00113,0.0,0.20622,1.5512,1.559,304.83,0.05
4,10,5,40.0,0.3,15.0,127,1.0,54.45,0.00132,0.0,0.20033,1.5069,1.5145,305.05,0.05
5,10,5,40.0,0.5,15.0,127,2.0,82.82,0.00115,0.0,0.20101,1.512,1.5195,305.29,0.05
6,10,5,50.0,0.2,15.0,127,0.5,29.7,0.00286,0.0,0.20413,1.5355,1.5431,305.13,0.05
7,10,5,50.0,0.3,15.0,127,1.0,38.6,0.00336,0.0,0.20397,1.5343,1.542,304.35,0.05
8,10,5,50.0,0.5,15.0,127,2.0,58.57,0.00278,0.0,0.19784,1.4882,1.4956,305.44,0.05
9,10,5,60.0,0.2,15.0,127,0.5,22.42,0.00649,0.0,0.20257,1.5238,1.5314,305.69,0.05
10,10,5,60.0,0.3,15.0,127,1.0,29.1,0.0074,0.0,0.20443,1.5377,1.5454,305.03,0.05
11,10,5,60.0,0.5,15.0,127,2.0,44.04,0.00605,0.0,0.20072,1.5098,1.5174,305.14,0.05
12,10,15,30.0,0.2,15.0,127,0.5,64.92,0.00035,0.0,0.60933,13.6528,13.7211,314.89,0.05
13,10,15,30.0,0.3,15.0,127,1.0,84.62,0.00043,0.0,0.60882,13.6414,13.7096,315.06,0.05
14,10,15,30.0,0.5,15.0,127,2.0,129.05,0.00037,0.0,0.59782,13.3949,13.4619,315.13,0.05
15,10,15,40.0,0.2,15.0,127,0.5,41.83,0.00109,0.0,0.59649,13.3651,13.432,315.0,0.05
16,10,15,40.0,0.3,15.0,127,1.0,54.45,0.00135,0.0,0.61274,13.7293,13.798,314.89,0.05
17,10,15,40.0,0.5,15.0,127,2.0,82.82,0.00117,0.0,0.61573,13.7963,13.8653,315.63,0.05
18,10,15,50.0,0.2,15.0,127,0.5,29.7,0.00288,0.0,0.61604,13.8032,13.8723,315.17,0.05
19,10,15,50.0,0.3,15.0,127,1.0,38.6,0.00333,0.0,0.60481,13.5517,13.6195,314.92,0.05
20,10,15,50.0,0.5,15.0,127,2.0,58.57,0.00294,0.0,0.62501,14.0043,14.0743,315.34,0.05
21,10,15,60.0,0.2,15.0,127,0.5,22.42,0.00638,0.0,0.59675,13.371,13.4379,315.22,0.05
22,10,15,60.0,0.3,15.0,127,1.0,29.1,0.00735,0.0,0.60826,13.629,13.6971,314.95,0.05
23,10,15,60.0,0.5,15.0,127,2.0,44.04,0.00607,0.0,0.60358,13.5242,13.5918,314.95,0.05
24,10,30,30.0,0.2,15.0,127,0.5,64.92,0.00036,0.0,1.22702,54.347,54.6188,329.76,0.09
25,10,30,30.0,0.3,15.0,127,1.0,84.62,0.00044,0.0,1.23136,54.5395,54.8122,329.78,0.09
26,10,30,30.0,0.5,15.0,127,2.0,129.05,0.00038,0.0,1.22139,54.0978,54.3683,330.03,0.09
27,10,30,40.0,0.2,15.0,127,0.5,41.83,0.00114,0.0,1.2376,54.8158,55.0899,330.23,0.09
28,10,30,40.0,0.3,15.0,127,1.0,54.45,0.00136,0.0,1.23087,54.5178,54.7904,329.54,0.09
29,10,30,40.0,0.5,15.0,127,2.0,82.82,0.00117,0.0,1.22296,54.1672,54.438,329.95,0.09
30,10,30,50.0,0.2,15.0,127,0.5,29.7,0.00288,0.0,1.22365,54.1977,54.4687,330.17,0.09
31,10,30,50.0,0.3,15.0,127,1.0,38.6,0.00332,0.0,1.19833,53.0764,53.3418,329.74,0.09
32,10,30,50.0,0.5,15.0,127,2.0,58.57,0.00289,0.0,1.22271,54.1563,54.4271,329.73,0.09
33,10,30,60.0,0.2,15.0,127,0.5,22.42,0.00652,0.0,1.21378,53.7605,54.0293,330.21,0.1
34,10,30,60.0,0.3,15.0,127,1.0,29.1,0.0073,0.0,1.20258,53.2648,53.5311,329.84,0.09
35,10,30,60.0,0.5,15.0,127,2.0,44.04,0.00622,0.0,1.23157,54.5487,54.8214,329.94,0.09
36,10,45,30.0,0.2,15.0,127,0.5,64.92,0.00036,0.0,1.83212,119.7254,120.3241,344.59,0.14
37,10,45,30.0,0.3,15.0,127,1.0,84.62,0.00042,0.0,1.77505,115.9963,116.5762,345.11,0.13
38,10,45,30.0,0.5,15.0,127,2.0,129.05,0.00037,0.0,1.7982,117.509,118.0966,344.78,0.13
39,10,45,40.0,0.2,15.0,127,0.5,41.83,0.00112,0.0,1.81286,118.4673,119.0596,344.94,0.13
40,10,45,40.0,0.3,15.0,127,1.0,54.45,0.00136,0.0,1.83532,119.9347,120.5344,344.83,0.13
41,10,45,40.0,0.5,15.0,127,2.0,82.82,0.00117,0.0,1.82045,118.9633,119.5581,345.0,0.13
42,10,45,50.0,0.2,15.0,127,0.5,29.7,0.00285,0.0,1.80611,118.0262,118.6163,344.91,0.13
43,10,45,50.0,0.3,15.0,127,1.0,38.6,0.00332,0.0,1.79015,116.9833,117.5682,345.11,0.13
44,10,45,50.0,0.5,15.0,127,2.0,58.57,0.00283,0.0,1.79131,117.0586,117.6439,345.2,0.13
45,10,45,60.0,0.2,15.0,127,0.5,22.42,0.00651,0.0,1.80825,118.1658,118.7567,345.4,0.13
46,10,45,60.0,0.3,15.0,127,1.0,29.1,0.00738,0.0,1.81336,118.4996,119.0921,344.84,0.14
47,10,45,60.0,0.5,15.0,127,2.0,44.04,0.00624,0.0,1.84371,120.483,121.0854,345.11,0.13
48,10,60,30.0,0.2,15.0,127,0.5,64.92,0.00036,0.0,2.43099,206.5646,207.5974,360.23,0.17
49,10,60,30.0,0.3,15.0,127,1.0,84.62,0.00043,0.0,2.38832,202.9388,203.9535,360.19,0.17
50,10,60,30.0,0.5,15.0,127,2.0,129.05,0.00037,0.0,2.38581,202.7255,203.7391,360.04,0.17
51,10,60,40.0,0.2,15.0,127,0.5,41.83,0.0011,0.0,2.36061,200.5847,201.5876,360.37,0.18
52,10,60,40.0,0.3,15.0,127,1.0,54.45,0.0013,0.0,2.32721,197.7462,198.7349,360.05,0.17
53,10,60,40.0,0.5,15.0,127,2.0,82.82,0.00115,0.0,2.38505,202.661,203.6743,360.38,0.17
54,10,60,50.0,0.2,15.0,127,0.5,29.7,0.00292,0.0,2.45318,208.45,209.4922,360.1,0.17
55,10,60,50.0,0.3,15.0,127,1.0,38.6,0.00333,0.0,2.37717,201.9914,203.0013,359.38,0.16
56,10,60,50.0,0.5,15.0,127,2.0,58.57,0.00283,0.0,2.37062,201.4351,202.4423,360.07,0.16
57,10,60,60.0,0.2,15.0,127,0.5,22.42,0.00642,0.0,2.36385,200.8598,201.8641,360.11,0.17
58,10,60,60.0,0.3,15.0,127,1.0,29.1,0.00726,0.0,2.3642,200.8894,201.8939,360.03,0.18
59,10,60,60.0,0.5,15.0,127,2.0,44.04,0.00617,0.0,2.41486,205.1946,206.2205,360.07,0.16
60,10,80,30.0,0.2,15.0,127,0.5,64.92,0.00035,0.0,3.14714,344.3017,346.0232,379.79,0.23
61,10,80,30.0,0.3,15.0,127,1.0,84.62,0.00043,0.0,3.16388,346.1329,347.8635,380.17,0.22
62,10,80,30.0,0.5,15.0,127,2.0,129.05,0.00037,0.0,3.16935,346.7317,348.4653,380.11,0.21
63,10,80,40.0,0.2,15.0,127,0.5,41.83,0.00112,0.0,3.17904,347.7916,349.5305,380.38,0.21
64,10,80,40.0,0.3,15.0,127,1.0,54.45,0.00134,0.0,3.15113,344.7376,346.4613,380.21,0.22
65,10,80,40.0,0.5,15.0,127,2.0,82.82,0.00115,0.0,3.14809,344.4053,346.1273,379.76,0.22
66,10,80,50.0,0.2,15.0,127,0.5,29.7,0.00288,0.0,3.19608,349.6559,351.4042,380.13,0.22
67,10,80,50.0,0.3,15.0,127,1.0,38.6,0.00336,0.0,3.16783,346.5649,348.2977,379.43,0.21
68,10,80,50.0,0.5,15.0,127,2.0,58.57,0.00289,0.0,3.19776,349.8395,351.5887,380.13,0.21
69,10,80,60.0,0.2,15.0,127,0.5,22.42,0.00642,0.0,3.11779,341.09,342.7954,380.48,0.22
70,10,80,60.0,0.3,15.0,127,1.0,29.1,0.00732,0.0,3.14894,344.4986,346.2211,380.03,0.21
71,10,80,60.0,0.5,15.0,127,2.0,44.04,0.00614,0.0,3.1721,347.0317,348.7669,380.34,0.22
72,25,5,30.0,0.2,15.0,127,0.5,64.92,0.00252,0.0,0.202,1.5194,1.527,305.07,0.05
73,25,5,30.0,0.3,15.0,127,1.0,84.62,0.00291,0.0,0.20375,1.5327,1.5403,305.21,0.05
74,25,5,30.0,0.5,15.0,127,2.0,129.05,0.00243,0.0,0.20529,1.5442,1.5519,304.89,0.05
75,25,5,40.0,0.2,15.0,127,0.5,41.83,0.01017,0.0,0.20215,1.5206,1.5282,305.29,0.05
76,25,5,40.0,0.3,15.0,127,1.0,54.45,0.01026,0.0,0.20297,1.5268,1.5344,305.44,0.05
77,25,5,40.0,0.5,15.0,127,2.0,82.82,0.00787,0.0,0.20354,1.5311,1.5387,304.67,0.05
78,25,5,50.0,0.2,15.0,127,0.5,29.7,0.05443,0.0003,0.20485,1.5409,1.5486,304.65,0.05
79,25,5,50.0,0.3,15.0,127,1.0,38.6,0.03402,0.0001,0.20552,1.5459,1.5536,305.47,0.05
80,25,5,50.0,0.5,15.0,127,2.0,58.57,0.0209,0.0,0.20017,1.5057,1.5132,305.21,0.05
81,25,5,60.0,0.2,15.0,127,0.5,22.42,0.13216,0.0018,0.20001,1.5045,1.512,305.07,0.05
82,25,5,60.0,0.3,15.0,127,1.0,29.1,0.15316,0.0024,0.20201,1.5195,1.5271,305.06,0.05
83,25,5,60.0,0.5,15.0,127,2.0,44.04,0.05262,0.0003,0.19986,1.5034,1.5109,304.63,0.05
84,25,15,30.0,0.2,15.0,127,0.5,64.92,0.00251,0.0,0.60363,13.5251,13.5928,314.88,0.05
85,25,15,30.0,0.3,15.0,127,1.0,84.62,0.00295,0.0,0.61722,13.8297,13.8989,315.15,0.05
86,25,15,30.0,0.5,15.0,127,2.0,129.05,0.00239,0.0,0.60492,13.554,13.6217,314.9,0.05
87,25,15,40.0,0.2,15.0,127,0.5,41.83,0.01047,0.0,0.62307,13.9608,14.0306,315.05,0.05
88,25,15,40.0,0.3,15.0,127,1.0,54.45,0.01026,0.0,0.60738,13.6092,13.6773,314.86,0.05
89,25,15,40.0,0.5,15.0,127,2.0,82.82,0.00788,0.0,0.61076,13.685,13.7534,315.09,0.05
90,25,15,50.0,0.2,15.0,127,0.5,29.7,0.054,0.0003,0.60844,13.6329,13.7011,314.57,0.05
91,25,15,50.0,0.3,15.0,127,1.0,38.6,0.03364,0.0001,0.60837,13.6314,13.6996,315.17,0.05
92,25,15,50.0,0.5,15.0,127,2.0,58.57,0.02125,0.0,0.60927,13.6516,13.7199,314.72,0.05
93,25,15,60.0,0.2,15.0,127,0.5,22.42,0.1342,0.0018,0.60798,13.6225,13.6906,314.76,0.05
94,25,15,60.0,0.3,15.0,127,1.0,29.1,0.15571,0.0024,0.61481,13.7756,13.8445,315.45,0.05
95,25,15,60.0,0.5,15.0,127,2.0,44.04,0.05293,0.0003,0.60183,13.4849,13.5523,315.32,0.05
96,25,30,30.0,0.2,15.0,127,0.5,64.92,0.00255,0.0,1.21927,54.0038,54.2738,330.01,0.09
97,25,30,30.0,0.3,15.0,127,1.0,84.62,0.00291,0.0,1.21259,53.708,53.9765,330.06,0.09
98,25,30,30.0,0.5,15.0,127,2.0,129.05,0.00243,0.0,1.22733,54.3606,54.6325,329.96,0.09
99,25,30,40.0,0.2,15.0,127,0.5,41.83,0.01036,0.0,1.22817,54.3978,54.6698,329.71,0.09
100,25,30,40.0,0.3,15.0,127,1.0,54.45,0.01015,0.0,1.19701,53.0177,53.2828,330.18,0.09
101,25,30,40.0,0.5,15.0,127,2.0,82.82,0.00787,0.0,1.21422,53.7803,54.0492,330.29,0.09
102,25,30,50.0,0.2,15.0,127,0.5,29.7,0.05414,0.0003,1.21483,53.8073,54.0763,329.56,0.09
103,25,30,50.0,0.3,15.0,127,1.0,38.6,0.03307,0.0001,1.19097,52.7502,53.0139,329.65,0.09
104,25,30,50.0,0.5,15.0,127,2.0,58.57,0.02075,0.0,1.18446,52.4619,52.7242,330.19,0.09
105,25,30,60.0,0.2,15.0,127,0.5,22.42,0.13607,0.0018,1.22762,54.3737,54.6456,330.1,0.09
106,25,30,60.0,0.3,15.0,127,1.0,29.1,0.15423,0.0024,1.21273,53.7141,53.9826,329.69,0.09
107,25,30,60.0,0.5,15.0,127,2.0,44.04,0.05347,0.0003,1.21077,53.6274,53.8955,329.46,0.09
108,25,45,30.0,0.2,15.0,127,0.5,64.92,0.00247,0.0,1.76023,115.0279,115.603,345.09,0.14
109,25,45,30.0,0.3,15.0,127,1.0,84.62,0.00293,0.0,1.82135,119.0219,119.617,344.55,0.14
110,25,45,30.0,0.5,15.0,127,2.0,129.05,0.0024,0.0,1.80773,118.1317,118.7223,344.9,0.13
111,25,45,40.0,0.2,15.0,127,0.5,41.83,0.01019,0.0,1.80099,117.6915,118.2799,344.31,0.13
112,25,45,40.0,0.3,15.0,127,1.0,54.45,0.01026,0.0,1.80529,117.9726,118.5624,344.8,0.13
113,25,45,40.0,0.5,15.0,127,2.0,82.82,0.00779,0.0,1.7931,117.1759,117.7618,345.16,0.12
114,25,45,50.0,0.2,15.0,127,0.5,29.7,0.05329,0.0003,1.78387,116.5727,117.1556,345.0,0.13
115,25,45,50.0,0.3,15.0,127,1.0,38.6,0.03336,0.0001,1.79208,117.1091,117.6947,345.29,0.13
116,25,45,50.0,0.5,15.0,127,2.0,58.57,0.02107,0.0,1.79478,117.2859,117.8723,344.83,0.13
117,25,45,60.0,0.2,15.0,127,0.5,22.42,0.13503,0.0018,1.81746,118.7679,119.3618,345.33,0.13
118,25,45,60.0,0.3,15.0,127,1.0,29.1,0.15356,0.0024,1.80132,117.7132,118.3017,344.47,0.14
119,25,45,60.0,0.5,15.0,127,2.0,44.04,0.0537,0.0003,1.81411,118.5489,119.1416,344.73,0.12
120,25,60,30.0,0.2,15.0,127,0.5,64.92,0.00251,0.0,2.37311,201.6467,202.6549,360.2,0.17
121,25,60,30.0,0.3,15.0,127,1.0,84.62,0.00291,0.0,2.40114,204.0282,205.0483,359.78,0.17
122,25,60,30.0,0.5,15.0,127,2.0,129.05,0.00238,0.0,2.3743,201.7481,202.7568,360.05,0.16
123,25,60,40.0,0.2,15.0,127,0.5,41.83,0.0102,0.0,2.38971,203.0568,204.0721,360.07,0.16
124,25,60,40.0,0.3,15.0,127,1.0,54.45,0.01028,0.0,2.39664,203.6461,204.6643,360.11,0.16
125,25,60,40.0,0.5,15.0,127,2.0,82.82,0.00792,0.0,2.41461,205.1726,206.1985,360.26,0.17
126,25,60,50.0,0.2,15.0,127,0.5,29.7,0.05492,0.0003,2.43575,206.9692,208.0041,359.72,0.17
127,25,60,50.0,0.3,15.0,127,1.0,38.6,0.0339,0.0001,2.41276,205.0154,206.0405,359.71,0.16
128,25,60,50.0,0.5,15.0,127,2.0,58.57,0.02063,0.0,2.32829,197.8385,198.8277,359.77,0.17
129,25,60,60.0,0.2,15.0,127,0.5,22.42,0.13707,0.0018,2.44408,207.6773,208.7157,359.94,0.17
130,25,60,60.0,0.3,15.0,127,1.0,29.1,0.15375,0.0024,2.38934,203.0259,204.0411,360.05,0.16
131,25,60,60.0,0.5,15.0,127,2.0,44.04,0.05301,0.0003,2.37223,201.5719,202.5798,359.91,0.17
132,25,80,30.0,0.2,15.0,127,0.5,64.92,0.00254,0.0,3.17136,346.9511,348.6859,380.04,0.22
133,25,80,30.0,0.3,15.0,127,1.0,84.62,0.00288,0.0,3.13678,343.1681,344.8839,379.7,0.22
134,25,80,30.0,0.5,15.0,127,2.0,129.05,0.00239,0.0,3.14826,344.4239,346.1461,379.93,0.22
135,25,80,40.0,0.2,15.0,127,0.5,41.83,0.01011,0.0,3.12732,342.1327,343.8433,379.87,0.23
136,25,80,40.0,0.3,15.0,127,1.0,54.45,0.01047,0.0,3.22059,352.3371,354.0988,379.96,0.21
137,25,80,40.0,0.5,15.0,127,2.0,82.82,0.00784,0.0,3.15595,345.2657,346.992,379.5,0.22
138,25,80,50.0,0.2,15.0,127,0.5,29.7,0.05399,0.0003,3.16082,345.7985,347.5275,379.95,0.21
139,25,80,50.0,0.3,15.0,127,1.0,38.6,0.03442,0.0001,3.23405,353.8094,355.5785,380.04,0.22
140,25,80,50.0,0.5,15.0,127,2.0,58.57,0.02124,0.0,3.16409,346.156,347.8868,379.88,0.22
141,25,80,60.0,0.2,15.0,127,0.5,22.42,0.13396,0.0018,3.15345,344.9916,346.7166,380.06,0.22
142,25,80,60.0,0.3,15.0,127,1.0,29.1,0.1522,0.0023,3.1224,341.5948,343.3028,379.48,0.21
143,25,80,60.0,0.5,15.0,127,2.0,44.04,0.05368,0.0003,3.1714,346.9554,348.6902,379.58,0.22
144,40,5,30.0,0.2,15.0,127,0.5,64.92,0.00873,0.0,0.19935,1.4995,1.507,305.07,0.05
145,40,5,30.0,0.3,15.0,127,1.0,84.62,0.00868,0.0,0.20203,1.5197,1.5273,305.18,0.05
146,40,5,30.0,0.5,15.0,127,2.0,129.05,0.00666,0.0,0.20661,1.5542,1.5619,305.09,0.05
147,40,5,40.0,0.2,15.0,127,0.5,41.83,0.19213,0.0037,0.20278,1.5254,1.533,305.07,0.05
148,40,5,40.0,0.3,15.0,127,1.0,54.45,0.04552,0.0002,0.20538,1.5449,1.5526,305.13,0.05
149,40,5,40.0,0.5,15.0,127,2.0,82.82,0.0241,0.0001,0.20553,1.546,1.5537,305.44,0.05
150,40,5,50.0,0.2,15.0,127,0.5,29.7,0.05025,0.0002,0.20533,1.5445,1.5522,304.98,0.05
151,40,5,50.0,0.3,15.0,127,1.0,38.6,0.66982,0.0452,0.20159,1.5164,1.5592,305.0,0.05
152,40,5,50.0,0.5,15.0,127,2.0,58.57,0.0838,0.0007,0.20466,1.5394,1.5471,304.8,0.05
153,40,5,60.0,0.2,15.0,127,0.5,22.42,0.03865,0.0001,0.20522,1.5437,1.5514,305.2,0.05
154,40,5,60.0,0.3,15.0,127,1.0,29.1,0.11341,0.0013,0.19712,1.4827,1.4902,304.5,0.05
155,40,5,60.0,0.5,15.0,127,2.0,44.04,0.52527,0.0276,0.20268,1.5246,1.5508,305.24,0.05
156,40,15,30.0,0.2,15.0,127,0.5,64.92,0.00892,0.0,0.60976,13.6624,13.7307,314.88,0.05
157,40,15,30.0,0.3,15.0,127,1.0,84.62,0.00876,0.0,0.61037,13.6762,13.7445,315.19,0.05
158,40,15,30.0,0.5,15.0,127,2.0,129.05,0.00646,0.0,0.60009,13.4459,13.5131,314.99,0.05
159,40,15,40.0,0.2,15.0,127,0.5,41.83,0.1932,0.0037,0.61045,13.6779,13.7463,315.17,0.05
160,40,15,40.0,0.3,15.0,127,1.0,54.45,0.04545,0.0002,0.6138,13.7531,13.8218,315.36,0.05
161,40,15,40.0,0.5,15.0,127,2.0,82.82,0.0243,0.0001,0.62034,13.8996,13.9691,314.98,0.05
162,40,15,50.0,0.2,15.0,127,0.5,29.7,0.04948,0.0002,0.60518,13.56,13.6278,314.95,0.05
163,40,15,50.0,0.3,15.0,127,1.0,38.6,0.66806,0.0451,0.6019,13.4864,13.5538,315.04,0.05
164,40,15,50.0,0.5,15.0,127,2.0,58.57,0.08388,0.0007,0.61326,13.741,13.8097,315.02,0.05
165,40,15,60.0,0.2,15.0,127,0.5,22.42,0.03859,0.0001,0.61338,13.7436,13.8123,314.83,0.05
166,40,15,60.0,0.3,15.0,127,1.0,29.1,0.1161,0.0014,0.6041,13.5356,13.6033,314.79,0.05
167,40,15,60.0,0.5,15.0,127,2.0,44.04,0.52779,0.0278,0.60967,13.6605,13.7288,314.95,0.05
168,40,30,30.0,0.2,15.0,127,0.5,64.92,0.00895,0.0,1.21847,53.9682,54.2381,329.79,0.09
169,40,30,30.0,0.3,15.0,127,1.0,84.62,0.00884,0.0,1.22685,54.3396,54.6113,329.8,0.09
170,40,30,30.0,0.5,15.0,127,2.0,129.05,0.0066,0.0,1.22055,54.0605,54.3308,330.39,0.09
171,40,30,40.0,0.2,15.0,127,0.5,41.83,0.18632,0.0036,1.17236,51.9263,52.1859,330.07,0.09
172,40,30,40.0,0.3,15.0,127,1.0,54.45,0.04615,0.0002,1.24118,54.9741,55.249,329.87,0.09
173,40,30,40.0,0.5,15.0,127,2.0,82.82,0.02381,0.0001,1.2108,53.6288,53.8969,330.06,0.09
174,40,30,50.0,0.2,15.0,127,0.5,29.7,0.04999,0.0002,1.21782,53.9395,54.2092,330.42,0.09
175,40,30,50.0,0.3,15.0,127,1.0,38.6,0.67796,0.0457,1.21643,53.878,54.1474,329.95,0.09
176,40,30,50.0,0.5,15.0,127,2.0,58.57,0.08246,0.0007,1.20064,53.1787,53.4446,330.14,0.09
177,40,30,60.0,0.2,15.0,127,0.5,22.42,0.03887,0.0001,1.23041,54.4974,54.7699,330.11,0.09
178,40,30,60.0,0.3,15.0,127,1.0,29.1,0.11613,0.0014,1.20344,53.3027,53.5692,329.85,0.09
179,40,30,60.0,0.5,15.0,127,2.0,44.04,0.51444,0.0271,1.18342,52.4161,52.6782,329.48,0.08
180,40,45,30.0,0.2,15.0,127,0.5,64.92,0.00908,0.0,1.84455,120.5379,121.1405,344.88,0.12
181,40,45,30.0,0.3,15.0,127,1.0,84.62,0.00887,0.0,1.83673,120.0269,120.627,344.32,0.13
182,40,45,30.0,0.5,15.0,127,2.0,129.05,0.00647,0.0,1.78625,116.7283,117.3119,345.36,0.13
183,40,45,40.0,0.2,15.0,127,0.5,41.83,0.19146,0.0037,1.7973,117.45,118.0373,344.9,0.13
184,40,45,40.0,0.3,15.0,127,1.0,54.45,0.04478,0.0002,1.79692,117.4256,118.0127,345.32,0.13
185,40,45,40.0,0.5,15.0,127,2.0,82.82,0.02385,0.0001,1.80916,118.2255,118.8166,345.08,0.13
186,40,45,50.0,0.2,15.0,127,0.5,29.7,0.04971,0.0002,1.80661,118.0585,118.6488,345.22,0.13
187,40,45,50.0,0.3,15.0,127,1.0,38.6,0.65298,0.0441,1.74793,114.2238,114.7949,344.87,0.13
188,40,45,50.0,0.5,15.0,127,2.0,58.57,0.08376,0.0007,1.81942,118.8958,119.4903,344.82,0.14
189,40,45,60.0,0.2,15.0,127,0.5,22.42,0.03838,0.0001,1.81282,118.4648,119.0571,345.19,0.14
190,40,45,60.0,0.3,15.0,127,1.0,29.1,0.11611,0.0014,1.79504,117.3027,117.8892,345.11,0.13
191,40,45,60.0,0.5,15.0,127,2.0,44.04,0.53433,0.0281,1.8338,119.8355,120.4347,344.52,0.13
192,40,60,30.0,0.2,15.0,127,0.5,64.92,0.00902,0.0,2.42567,206.1132,207.1437,360.11,0.17
193,40,60,30.0,0.3,15.0,127,1.0,84.62,0.00883,0.0,2.4223,205.8262,206.8553,360.22,0.16
194,40,60,30.0,0.5,15.0,127,2.0,129.05,0.00661,0.0,2.41733,205.4044,206.4314,360.04,0.16
195,40,60,40.0,0.2,15.0,127,0.5,41.83,0.19473,0.0037,2.42168,205.7736,206.8025,359.89,0.17
196,40,60,40.0,0.3,15.0,127,1.0,54.45,0.04531,0.0002,2.40868,204.6694,205.6928,360.21,0.17
197,40,60,40.0,0.5,15.0,127,2.0,82.82,0.0231,0.0001,2.32103,197.2217,198.2078,359.96,0.17
198,40,60,50.0,0.2,15.0,127,0.5,29.7,0.04947,0.0002,2.38182,202.3866,203.3986,360.01,0.18
199,40,60,50.0,0.3,15.0,127,1.0,38.6,0.66177,0.0446,2.3468,199.411,200.408,360.03,0.17
200,40,60,50.0,0.5,15.0,127,2.0,58.57,0.08232,0.0007,2.36902,201.2995,202.306,360.01,0.16
201,40,60,60.0,0.2,15.0,127,0.5,22.42,0.0373,0.0001,2.33378,198.3046,199.2961,360.59,0.17
202,40,60,60.0,0.3,15.0,127,1.0,29.1,0.1193,0.0014,2.44331,207.6115,208.6496,359.99,0.17
203,40,60,60.0,0.5,15.0,127,2.0,44.04,0.52477,0.0276,2.38592,202.7354,203.7491,359.88,0.17
204,40,80,30.0,0.2,15.0,127,0.5,64.92,0.00873,0.0,3.09984,339.1262,340.8218,379.84,0.22
205,40,80,30.0,0.3,15.0,127,1.0,84.62,0.00866,0.0,3.13535,343.0117,344.7267,379.61,0.22
206,40,80,30.0,0.5,15.0,127,2.0,129.05,0.00677,0.0,3.26973,357.713,359.5015,379.8,0.23
207,40,80,40.0,0.2,15.0,127,0.5,41.83,0.19696,0.0038,3.23356,353.7562,355.525,379.91,0.21
208,40,80,40.0,0.3,15.0,127,1.0,54.45,0.04492,0.0002,3.1524,344.8765,346.6009,380.18,0.22
209,40,80,40.0,0.5,15.0,127,2.0,82.82,0.02392,0.0001,3.17305,347.1361,348.8718,379.31,0.21
210,40,80,50.0,0.2,15.0,127,0.5,29.7,0.05054,0.0003,3.21243,351.4439,353.2011,379.78,0.21
211,40,80,50.0,0.3,15.0,127,1.0,38.6,0.67833,0.0458,3.17552,347.4065,349.1435,379.78,0.21
212,40,80,50.0,0.5,15.0,127,2.0,58.57,0.08359,0.0007,3.17555,347.4089,349.146,379.95,0.22
213,40,80,60.0,0.2,15.0,127,0.5,22.42,0.03878,0.0001,3.20349,350.4665,352.2188,379.97,0.22
214,40,80,60.0,0.3,15.0,127,1.0,29.1,0.11729,0.0014,3.17109,346.9211,348.6557,379.7,0.22
215,40,80,60.0,0.5,15.0,127,2.0,44.04,0.53678,0.0282,3.22177,352.4661,354.2284,379.78,0.21
216,55,5,30.0,0.2,15.0,127,0.5,64.92,0.0371,0.0001,0.20432,1.5369,1.5446,304.91,0.05
217,55,5,30.0,0.3,15.0,127,1.0,84.62,0.02224,0.0,0.20368,1.5321,1.5397,304.9,0.05
218,55,5,30.0,0.5,15.0,127,2.0,129.05,0.01388,0.0,0.20636,1.5522,1.56,304.87,0.05
219,55,5,40.0,0.2,15.0,127,0.5,41.83,0.04343,0.0002,0.20169,1.5171,1.5247,304.86,0.05
220,55,5,40.0,0.3,15.0,127,1.0,54.45,1.63394,0.2689,0.20158,1.5163,1.7694,305.1,0.05
221,55,5,40.0,0.5,15.0,127,2.0,82.82,0.06268,0.0004,0.20624,1.5513,1.5591,305.14,0.05
222,55,5,50.0,0.2,15.0,127,0.5,29.7,0.03144,0.0001,0.20294,1.5265,1.5341,305.13,0.05
223,55,5,50.0,0.3,15.0,127,1.0,38.6,0.09074,0.0008,0.20041,1.5075,1.5151,304.81,0.05
224,55,5,50.0,0.5,15.0,127,2.0,58.57,0.70304,0.0494,0.20329,1.5291,1.576,304.91,0.05
225,55,5,60.0,0.2,15.0,127,0.5,22.42,0.0313,0.0001,0.20204,1.5198,1.5274,304.87,0.05
226,55,5,60.0,0.3,15.0,127,1.0,29.1,0.07648,0.0006,0.20346,1.5305,1.5381,304.64,0.05
227,55,5,60.0,0.5,15.0,127,2.0,44.04,0.31202,0.0098,0.20162,1.5166,1.5259,304.6,0.05
228,55,15,30.0,0.2,15.0,127,0.5,64.92,0.03678,0.0001,0.60638,13.5868,13.6548,315.35,0.05
229,55,15,30.0,0.3,15.0,127,1.0,84.62,0.02222,0.0,0.6091,13.6478,13.716,315.14,0.05
230,55,15,30.0,0.5,15.0,127,2.0,129.05,0.01361,0.0,0.60554,13.5679,13.6357,315.64,0.05
231,55,15,40.0,0.2,15.0,127,0.5,41.83,0.04307,0.0002,0.59882,13.4174,13.4845,314.62,0.05
232,55,15,40.0,0.3,15.0,127,1.0,54.45,1.63124,0.2684,0.60247,13.4991,13.7539,314.78,0.05
233,55,15,40.0,0.5,15.0,127,2.0,82.82,0.06119,0.0004,0.60264,13.5031,13.5706,315.43,0.05
234,55,15,50.0,0.2,15.0,127,0.5,29.7,0.03158,0.0001,0.6102,13.6724,13.7407,314.73,0.05
235,55,15,50.0,0.3,15.0,127,1.0,38.6,0.09134,0.0008,0.60392,13.5316,13.5993,314.93,0.05
236,55,15,50.0,0.5,15.0,127,2.0,58.57,0.71176,0.05,0.61611,13.8048,13.8739,315.56,0.05
237,55,15,60.0,0.2,15.0,127,0.5,22.42,0.03096,0.0001,0.59822,13.4039,13.4709,315.46,0.05
238,55,15,60.0,0.3,15.0,127,1.0,29.1,0.07548,0.0006,0.60111,13.4687,13.536,315.16,0.05
239,55,15,60.0,0.5,15.0,127,2.0,44.04,0.3174,0.01,0.61399,13.7574,13.8262,315.29,0.05
240,55,30,30.0,0.2,15.0,127,0.5,64.92,0.03724,0.0001,1.22262,54.1521,54.4229,330.18,0.09
241,55,30,30.0,0.3,15.0,127,1.0,84.62,0.02231,0.0,1.21808,53.951,54.2208,329.92,0.09
242,55,30,30.0,0.5,15.0,127,2.0,129.05,0.0139,0.0,1.23158,54.549,54.8217,330.13,0.09
243,55,30,40.0,0.2,15.0,127,0.5,41.83,0.04413,0.0002,1.22188,54.1194,54.39,329.72,0.09
244,55,30,40.0,0.3,15.0,127,1.0,54.45,1.64233,0.2703,1.20795,53.5026,53.7701,330.36,0.09
245,55,30,40.0,0.5,15.0,127,2.0,82.82,0.0611,0.0004,1.19842,53.0801,53.3455,329.74,0.09
246,55,30,50.0,0.2,15.0,127,0.5,29.7,0.03145,0.0001,1.21002,53.5942,53.8622,329.95,0.09
247,55,30,50.0,0.3,15.0,127,1.0,38.6,0.08945,0.0008,1.17783,52.1682,52.429,330.27,0.09
248,55,30,50.0,0.5,15.0,127,2.0,58.57,0.70285,0.0494,1.2116,53.6642,53.9326,329.67,0.09
249,55,30,60.0,0.2,15.0,127,0.5,22.42,0.03111,0.0001,1.19734,53.0324,53.2976,330.29,0.09
250,55,30,60.0,0.3,15.0,127,1.0,29.1,0.07709,0.0006,1.22267,54.1543,54.425,330.16,0.09
251,55,30,60.0,0.5,15.0,127,2.0,44.04,0.31969,0.01,1.23158,54.549,54.8218,330.21,0.09
252,55,45,30.0,0.2,15.0,127,0.5,64.92,0.03743,0.0001,1.83317,119.7942,120.3931,344.95,0.13
253,55,45,30.0,0.3,15.0,127,1.0,84.62,0.02231,0.0,1.81697,118.7354,119.3291,345.31,0.14
254,55,45,30.0,0.5,15.0,127,2.0,129.05,0.01373,0.0,1.8153,118.6264,119.2196,345.25,0.13
255,55,45,40.0,0.2,15.0,127,0.5,41.83,0.04356,0.0002,1.7992,117.5743,118.1621,344.55,0.13
256,55,45,40.0,0.3,15.0,127,1.0,54.45,1.6512,0.2717,1.81186,118.402,118.994,344.86,0.13
257,55,45,40.0,0.5,15.0,127,2.0,82.82,0.0618,0.0004,1.80848,118.1812,118.7721,344.99,0.14
258,55,45,50.0,0.2,15.0,127,0.5,29.7,0.03114,0.0001,1.78754,116.8124,117.3965,345.09,0.13
259,55,45,50.0,0.3,15.0,127,1.0,38.6,0.09198,0.0008,1.80683,118.073,118.6634,345.06,0.12
260,55,45,50.0,0.5,15.0,127,2.0,58.57,0.7018,0.0493,1.80489,117.9465,118.5362,345.06,0.13
261,55,45,60.0,0.2,15.0,127,0.5,22.42,0.03165,0.0001,1.81729,118.7567,119.3505,344.99,0.13
262,55,45,60.0,0.3,15.0,127,1.0,29.1,0.07631,0.0006,1.80558,117.9913,118.5812,345.1,0.13
263,55,45,60.0,0.5,15.0,127,2.0,44.04,0.31561,0.0099,1.81392,118.5365,119.1292,345.13,0.13
264,55,60,30.0,0.2,15.0,127,0.5,64.92,0.03709,0.0001,2.40691,204.5184,205.541,360.14,0.17
265,55,60,30.0,0.3,15.0,127,1.0,84.62,0.02285,0.0001,2.46587,209.5288,210.5764,359.4,0.16
266,55,60,30.0,0.5,15.0,127,2.0,129.05,0.01379,0.0,2.41587,205.2803,206.3067,360.32,0.17
267,55,60,40.0,0.2,15.0,127,0.5,41.83,0.04485,0.0002,2.45448,208.5608,209.6036,359.62,0.17
268,55,60,40.0,0.3,15.0,127,1.0,54.45,1.64726,0.2711,2.39461,203.4734,204.4908,359.94,0.17
269,55,60,40.0,0.5,15.0,127,2.0,82.82,0.06241,0.0004,2.41941,205.5812,206.6091,359.87,0.17
270,55,60,50.0,0.2,15.0,127,0.5,29.7,0.0318,0.0001,2.41795,205.457,206.4842,360.18,0.17
271,55,60,50.0,0.3,15.0,127,1.0,38.6,0.09267,0.0009,2.41165,204.9214,205.946,359.86,0.16
272,55,60,50.0,0.5,15.0,127,2.0,58.57,0.6887,0.0484,2.34645,199.3816,200.3785,360.2,0.17
273,55,60,60.0,0.2,15.0,127,0.5,22.42,0.0313,0.0001,2.3804,202.2659,203.2772,359.76,0.17
274,55,60,60.0,0.3,15.0,127,1.0,29.1,0.07368,0.0006,2.30956,196.2465,197.2278,360.02,0.18
275,55,60,60.0,0.5,15.0,127,2.0,44.04,0.32259,0.0101,2.45617,208.7044,209.7479,360.14,0.17
276,55,80,30.0,0.2,15.0,127,0.5,64.92,0.03723,0.0001,3.18882,348.8617,350.606,379.89,0.23
277,55,80,30.0,0.3,15.0,127,1.0,84.62,0.0219,0.0,3.11994,341.3252,343.0318,380.01,0.2
278,55,80,30.0,0.5,15.0,127,2.0,129.05,0.01349,0.0,3.11948,341.2749,342.9813,380.1,0.22
279,55,80,40.0,0.2,15.0,127,0.5,41.83,0.04442,0.0002,3.20873,351.0396,352.7948,379.92,0.22
280,55,80,40.0,0.3,15.0,127,1.0,54.45,1.67079,0.275,3.2063,350.7732,352.5271,380.34,0.22
281,55,80,40.0,0.5,15.0,127,2.0,82.82,0.06153,0.0004,3.14901,344.5065,346.229,379.9,0.22
282,55,80,50.0,0.2,15.0,127,0.5,29.7,0.03189,0.0001,3.20118,350.2132,351.9642,379.71,0.22
283,55,80,50.0,0.3,15.0,127,1.0,38.6,0.09229,0.0008,3.17065,346.8735,348.6079,379.92,0.22
284,55,80,50.0,0.5,15.0,127,2.0,58.57,0.69975,0.0491,3.1473,344.319,346.0406,380.12,0.22
285,55,80,60.0,0.2,15.0,127,0.5,22.42,0.03203,0.0001,3.21581,351.814,353.5731,379.93,0.21
286,55,80,60.0,0.3,15.0,127,1.0,29.1,0.07501,0.0006,3.10409,339.5911,341.2891,379.69,0.22
287,55,80,60.0,0.5,15.0,127,2.0,44.04,0.31779,0.01,3.19424,349.4543,351.2015,380.31,0.23
288,70,5,30.0,0.2,15.0,127,0.5,64.92,0.10572,0.0011,0.20605,1.5499,1.5577,304.88,0.05
289,70,5,30.0,0.3,15.0,127,1.0,84.62,0.06552,0.0004,0.20276,1.5252,1.5328,305.0,0.05
290,70,5,30.0,0.5,15.0,127,2.0,129.05,0.02524,0.0001,0.19978,1.5027,1.5103,305.06,0.05
291,70,5,40.0,0.2,15.0,127,0.5,41.83,0.02902,0.0001,0.20567,1.5471,1.5548,305.37,0.05
292,70,5,40.0,0.3,15.0,127,1.0,54.45,0.09847,0.001,0.20516,1.5432,1.5509,305.12,0.05
293,70,5,40.0,0.5,15.0,127,2.0,82.82,0.19527,0.0038,0.20307,1.5275,1.5351,304.87,0.05
294,70,5,50.0,0.2,15.0,127,0.5,29.7,0.02686,0.0001,0.20066,1.5094,1.5169,305.03,0.05
295,70,5,50.0,0.3,15.0,127,1.0,38.6,0.06657,0.0004,0.20171,1.5172,1.5248,305.57,0.05
296,70,5,50.0,0.5,15.0,127,2.0,58.57,0.3189,0.0101,0.20371,1.5323,1.542,305.18,0.05
297,70,5,60.0,0.2,15.0,127,0.5,22.42,0.02963,0.0001,0.20562,1.5467,1.5544,305.05,0.05
298,70,5,60.0,0.3,15.0,127,1.0,29.1,0.0669,0.0004,0.20442,1.5377,1.5454,304.94,0.05
299,70,5,60.0,0.5,15.0,127,2.0,44.04,0.18332,0.0034,0.19959,1.5013,1.5088,304.87,0.05
300,70,15,30.0,0.2,15.0,127,0.5,64.92,0.10335,0.0011,0.60301,13.5113,13.5788,315.11,0.05
301,70,15,30.0,0.3,15.0,127,1.0,84.62,0.06565,0.0004,0.6082,13.6275,13.6956,315.08,0.05
302,70,15,30.0,0.5,15.0,127,2.0,129.05,0.02557,0.0001,0.60579,13.5736,13.6415,314.83,0.05
303,70,15,40.0,0.2,15.0,127,0.5,41.83,0.02876,0.0001,0.61013,13.6709,13.7392,315.13,0.05
304,70,15,40.0,0.3,15.0,127,1.0,54.45,0.09818,0.001,0.61233,13.72,13.7886,315.39,0.05
305,70,15,40.0,0.5,15.0,127,2.0,82.82,0.19767,0.0039,0.61535,13.7878,13.8567,314.47,0.05
306,70,15,50.0,0.2,15.0,127,0.5,29.7,0.02695,0.0001,0.60266,13.5035,13.571,314.93,0.05
307,70,15,50.0,0.3,15.0,127,1.0,38.6,0.06517,0.0004,0.59116,13.2458,13.3121,315.47,0.05
308,70,15,50.0,0.5,15.0,127,2.0,58.57,0.31431,0.01,0.60105,13.4673,13.5347,315.34,0.05
309,70,15,60.0,0.2,15.0,127,0.5,22.42,0.02951,0.0001,0.61296,13.7342,13.8028,315.39,0.05
310,70,15,60.0,0.3,15.0,127,1.0,29.1,0.06623,0.0004,0.60584,13.5748,13.6427,314.8,0.05
311,70,15,60.0,0.5,15.0,127,2.0,44.04,0.18456,0.0034,0.60155,13.4787,13.5461,315.2,0.05
312,70,30,30.0,0.2,15.0,127,0.5,64.92,0.10402,0.0011,1.20869,53.5352,53.8028,330.12,0.09
313,70,30,30.0,0.3,15.0,127,1.0,84.62,0.06554,0.0004,1.20903,53.5503,53.8181,330.12,0.09
314,70,30,30.0,0.5,15.0,127,2.0,129.05,0.02547,0.0001,1.20186,53.2325,53.4987,330.15,0.09
315,70,30,40.0,0.2,15.0,127,0.5,41.83,0.02858,0.0001,1.20742,53.4791,53.7465,330.66,0.09
316,70,30,40.0,0.3,15.0,127,1.0,54.45,0.09655,0.0009,1.19925,53.1171,53.3827,329.57,0.09
317,70,30,40.0,0.5,15.0,127,2.0,82.82,0.19144,0.0037,1.18682,52.5664,52.8293,329.76,0.09
318,70,30,50.0,0.2,15.0,127,0.5,29.7,0.02737,0.0001,1.21905,53.994,54.264,330.23,0.09
319,70,30,50.0,0.3,15.0,127,1.0,38.6,0.06635,0.0004,1.1986,53.0882,53.3537,330.19,0.09
320,70,30,50.0,0.5,15.0,127,2.0,58.57,0.31944,0.0102,1.21652,53.882,54.1515,329.85,0.09
321,70,30,60.0,0.2,15.0,127,0.5,22.42,0.02963,0.0001,1.22571,54.2888,54.5603,329.67,0.09
322,70,30,60.0,0.3,15.0,127,1.0,29.1,0.06565,0.0004,1.19592,52.9695,53.2344,330.32,0.09
323,70,30,60.0,0.5,15.0,127,2.0,44.04,0.18569,0.0035,1.20531,53.3856,53.6525,329.51,0.09
324,70,45,30.0,0.2,15.0,127,0.5,64.92,0.1048,0.0011,1.81669,118.7175,119.3111,345.23,0.13
325,70,45,30.0,0.3,15.0,127,1.0,84.62,0.0668,0.0004,1.83845,120.1393,120.74,345.34,0.13
326,70,45,30.0,0.5,15.0,127,2.0,129.05,0.02581,0.0001,1.81661,118.7119,119.3055,345.21,0.13
327,70,45,40.0,0.2,15.0,127,0.5,41.83,0.02818,0.0001,1.77595,116.0553,116.6356,345.19,0.13
328,70,45,40.0,0.3,15.0,127,1.0,54.45,0.09755,0.001,1.80763,118.1255,118.7162,344.78,0.13
329,70,45,40.0,0.5,15.0,127,2.0,82.82,0.19461,0.0038,1.79995,117.6237,118.2118,345.45,0.13
330,70,45,50.0,0.2,15.0,127,0.5,29.7,0.02722,0.0001,1.80827,118.167,118.7579,345.14,0.13
331,70,45,50.0,0.3,15.0,127,1.0,38.6,0.06717,0.0005,1.8103,118.2997,118.8912,344.84,0.14
332,70,45,50.0,0.5,15.0,127,2.0,58.57,0.31707,0.0101,1.80143,117.7204,118.309,345.12,0.14
333,70,45,60.0,0.2,15.0,127,0.5,22.42,0.02901,0.0001,1.79002,116.9748,117.5597,345.5,0.13
334,70,45,60.0,0.3,15.0,127,1.0,29.1,0.06543,0.0004,1.7782,116.202,116.783,345.17,0.13
335,70,45,60.0,0.5,15.0,127,2.0,44.04,0.18473,0.0034,1.78881,116.8953,117.4798,345.15,0.13
336,70,60,30.0,0.2,15.0,127,0.5,64.92,0.10515,0.0011,2.41495,205.2016,206.2276,360.15,0.17
337,70,60,30.0,0.3,15.0,127,1.0,84.62,0.06605,0.0004,2.40841,204.6465,205.6698,359.82,0.17
338,70,60,30.0,0.5,15.0,127,2.0,129.05,0.02544,0.0001,2.37291,201.6295,202.6376,360.65,0.17
339,70,60,40.0,0.2,15.0,127,0.5,41.83,0.02883,0.0001,2.40727,204.5494,205.5722,360.14,0.17
340,70,60,40.0,0.3,15.0,127,1.0,54.45,0.09695,0.0009,2.38005,202.2363,203.2475,360.61,0.17
341,70,60,40.0,0.5,15.0,127,2.0,82.82,0.1895,0.0037,2.32192,197.2966,198.2831,359.73,0.17
342,70,60,50.0,0.2,15.0,127,0.5,29.7,0.02724,0.0001,2.39794,203.7569,204.7756,359.81,0.17
343,70,60,50.0,0.3,15.0,127,1.0,38.6,0.0672,0.0005,2.39911,203.8562,204.8755,359.91,0.17
344,70,60,50.0,0.5,15.0,127,2.0,58.57,0.31814,0.0101,2.39456,203.4697,204.4871,360.3,0.17
345,70,60,60.0,0.2,15.0,127,0.5,22.42,0.02976,0.0001,2.43271,206.7108,207.7444,360.19,0.17
346,70,60,60.0,0.3,15.0,127,1.0,29.1,0.06658,0.0004,2.39733,203.7044,204.7229,359.88,0.18
347,70,60,60.0,0.5,15.0,127,2.0,44.04,0.18674,0.0035,2.39558,203.5559,204.5737,359.63,0.17
348,70,80,30.0,0.2,15.0,127,0.5,64.92,0.10094,0.0011,3.06017,334.7869,336.4609,380.0,0.21
349,70,80,30.0,0.3,15.0,127,1.0,84.62,0.06642,0.0004,3.19704,349.7601,351.5089,379.84,0.24
350,70,80,30.0,0.5,15.0,127,2.0,129.05,0.02522,0.0001,3.10455,339.6422,341.3404,379.98,0.2
351,70,80,40.0,0.2,15.0,127,0.5,41.83,0.02897,0.0001,3.19333,349.355,351.1018,380.14,0.22
352,70,80,40.0,0.3,15.0,127,1.0,54.45,0.09668,0.0009,3.13302,342.7562,344.47,380.0,0.22
353,70,80,40.0,0.5,15.0,127,2.0,82.82,0.1976,0.0039,3.19622,349.6709,351.4193,379.75,0.22
354,70,80,50.0,0.2,15.0,127,0.5,29.7,0.02718,0.0001,3.15778,345.4653,347.1926,380.02,0.21
355,70,80,50.0,0.3,15.0,127,1.0,38.6,0.06704,0.0004,3.15957,345.6611,347.3894,379.95,0.23
356,70,80,50.0,0.5,15.0,127,2.0,58.57,0.3132,0.01,3.11199,340.4559,342.1582,380.07,0.22
357,70,80,60.0,0.2,15.0,127,0.5,22.42,0.02922,0.0001,3.15392,345.0435,346.7687,380.31,0.22
358,70,80,60.0,0.3,15.0,127,1.0,29.1,0.0656,0.0004,3.11805,341.1184,342.824,380.18,0.21
359,70,80,60.0,0.5,15.0,127,2.0,44.04,0.191,0.0036,3.23462,353.8718,355.6411,380.19,0.21
360,100,5,30.0,0.2,15.0,127,0.5,64.92,0.02526,0.0001,0.20377,1.5328,1.5404,305.26,0.05
361,100,5,30.0,0.3,15.0,127,1.0,84.62,0.10713,0.0011,0.20332,1.5294,1.537,305.4,0.05
362,100,5,30.0,0.5,15.0,127,2.0,129.05,0.09179,0.0008,0.20176,1.5176,1.5252,305.03,0.05
363,100,5,40.0,0.2,15.0,127,0.5,41.83,0.02219,0.0,0.20176,1.5176,1.5252,305.44,0.05
364,100,5,40.0,0.3,15.0,127,1.0,54.45,0.05361,0.0003,0.19905,1.4973,1.5047,304.88,0.05
365,100,5,40.0,0.5,15.0,127,2.0,82.82,0.25502,0.0064,0.20741,1.5602,1.568,305.13,0.05
366,100,5,50.0,0.2,15.0,127,0.5,29.7,0.02449,0.0001,0.20298,1.5268,1.5344,305.08,0.05
367,100,5,50.0,0.3,15.0,127,1.0,38.6,0.05511,0.0003,0.20413,1.5355,1.5432,304.77,0.05
368,100,5,50.0,0.5,15.0,127,2.0,58.57,0.14735,0.0021,0.20628,1.5517,1.5594,305.07,0.05
369,100,5,60.0,0.2,15.0,127,0.5,22.42,0.0279,0.0001,0.20149,1.5157,1.5232,305.0,0.05
370,100,5,60.0,0.3,15.0,127,1.0,29.1,0.05987,0.0004,0.20193,1.5189,1.5265,304.75,0.05
371,100,5,60.0,0.5,15.0,127,2.0,44.04,0.1404,0.002,0.20395,1.5341,1.5418,305.13,0.05
372,100,15,30.0,0.2,15.0,127,0.5,64.92,0.02505,0.0001,0.60498,13.5555,13.6233,315.04,0.05
373,100,15,30.0,0.3,15.0,127,1.0,84.62,0.10915,0.0012,0.62012,13.8946,13.9641,314.57,0.05
374,100,15,30.0,0.5,15.0,127,2.0,129.05,0.09189,0.0008,0.60463,13.5476,13.6154,314.95,0.05
375,100,15,40.0,0.2,15.0,127,0.5,41.83,0.02247,0.0001,0.61176,13.7074,13.7759,315.05,0.05
376,100,15,40.0,0.3,15.0,127,1.0,54.45,0.05332,0.0003,0.59261,13.2782,13.3446,315.25,0.05
377,100,15,40.0,0.5,15.0,127,2.0,82.82,0.24836,0.0062,0.60468,13.5487,13.6164,315.13,0.05
378,100,15,50.0,0.2,15.0,127,0.5,29.7,0.0249,0.0001,0.61777,13.8419,13.9111,315.65,0.05
379,100,15,50.0,0.3,15.0,127,1.0,38.6,0.05491,0.0003,0.60887,13.6425,13.7107,315.37,0.05
380,100,15,50.0,0.5,15.0,127,2.0,58.57,0.14443,0.0021,0.60532,13.563,13.6308,315.29,0.05
381,100,15,60.0,0.2,15.0,127,0.5,22.42,0.02807,0.0001,0.60682,13.5967,13.6647,314.81,0.05
382,100,15,60.0,0.3,15.0,127,1.0,29.1,0.05968,0.0004,0.60256,13.5011,13.5686,314.84,0.05
383,100,15,60.0,0.5,15.0,127,2.0,44.04,0.13894,0.0019,0.60418,13.5375,13.6052,314.47,0.05
384,100,30,30.0,0.2,15.0,127,0.5,64.92,0.02531,0.0001,1.2172,53.9121,54.1816,330.09,0.09
385,100,30,30.0,0.3,15.0,127,1.0,84.62,0.10816,0.0012,1.22376,54.2027,54.4737,329.71,0.09
386,100,30,30.0,0.5,15.0,127,2.0,129.05,0.09505,0.0009,1.2456,55.1698,55.4457,330.28,0.09
387,100,30,40.0,0.2,15.0,127,0.5,41.83,0.02168,0.0,1.17547,52.0637,52.324,330.24,0.09
388,100,30,40.0,0.3,15.0,127,1.0,54.45,0.05458,0.0003,1.20815,53.5112,53.7787,330.45,0.09
389,100,30,40.0,0.5,15.0,127,2.0,82.82,0.25092,0.0063,1.21661,53.8861,54.1555,329.93,0.09
390,100,30,50.0,0.2,15.0,127,0.5,29.7,0.0249,0.0001,1.23007,54.482,54.7544,329.91,0.09
391,100,30,50.0,0.3,15.0,127,1.0,38.6,0.05466,0.0003,1.20711,53.4651,53.7324,330.17,0.09
392,100,30,50.0,0.5,15.0,127,2.0,58.57,0.142,0.0021,1.18516,52.4931,52.7555,330.24,0.09
393,100,30,60.0,0.2,15.0,127,0.5,22.42,0.02813,0.0001,1.21123,53.6478,53.9161,330.44,0.09
394,100,30,60.0,0.3,15.0,127,1.0,29.1,0.05973,0.0004,1.20107,53.1976,53.4636,329.93,0.09
395,100,30,60.0,0.5,15.0,127,2.0,44.04,0.13653,0.0019,1.18234,52.368,52.6299,330.1,0.09
396,100,45,30.0,0.2,15.0,127,0.5,64.92,0.02552,0.0001,1.83136,119.6764,120.2748,345.59,0.14
397,100,45,30.0,0.3,15.0,127,1.0,84.62,0.10669,0.0011,1.80084,117.6814,118.2698,345.18,0.14
398,100,45,30.0,0.5,15.0,127,2.0,129.05,0.09196,0.0008,1.79782,117.484,118.0714,344.98,0.13
399,100,45,40.0,0.2,15.0,127,0.5,41.83,0.02253,0.0001,1.82254,119.0996,119.6951,345.06,0.13
400,100,45,40.0,0.3,15.0,127,1.0,54.45,0.05501,0.0003,1.81662,118.7131,119.3067,345.33,0.13
401,100,45,40.0,0.5,15.0,127,2.0,82.82,0.24553,0.0061,1.7761,116.0647,116.6451,344.39,0.13
402,100,45,50.0,0.2,15.0,127,0.5,29.7,0.02465,0.0001,1.81716,118.7484,119.3422,344.96,0.14
403,100,45,50.0,0.3,15.0,127,1.0,38.6,0.05427,0.0003,1.78805,116.846,117.4302,345.17,0.13
404,100,45,50.0,0.5,15.0,127,2.0,58.57,0.14585,0.0021,1.81602,118.6737,119.267,345.19,0.13
405,100,45,60.0,0.2,15.0,127,0.5,22.42,0.02802,0.0001,1.79949,117.5932,118.1812,345.24,0.13
406,100,45,60.0,0.3,15.0,127,1.0,29.1,0.05953,0.0004,1.78568,116.6908,117.2742,345.2,0.13
407,100,45,60.0,0.5,15.0,127,2.0,44.04,0.14001,0.002,1.80898,118.2133,118.8043,344.72,0.13
408,100,60,30.0,0.2,15.0,127,0.5,64.92,0.02541,0.0001,2.41535,205.2361,206.2622,360.38,0.17
409,100,60,30.0,0.3,15.0,127,1.0,84.62,0.10731,0.0011,2.3997,203.9062,204.9258,360.28,0.17
410,100,60,30.0,0.5,15.0,127,2.0,129.05,0.09161,0.0008,2.37281,201.6215,202.6296,359.8,0.18
411,100,60,40.0,0.2,15.0,127,0.5,41.83,0.02203,0.0,2.36054,200.5785,201.5814,360.37,0.18
412,100,60,40.0,0.3,15.0,127,1.0,54.45,0.05449,0.0003,2.38405,202.5763,203.5892,360.01,0.17
413,100,60,40.0,0.5,15.0,127,2.0,82.82,0.24924,0.0062,2.38848,202.9527,203.9674,359.86,0.18
414,100,60,50.0,0.2,15.0,127,0.5,29.7,0.02465,0.0001,2.40674,204.5042,205.5267,360.33,0.18
415,100,60,50.0,0.3,15.0,127,1.0,38.6,0.05518,0.0003,2.40864,204.6658,205.6892,359.95,0.18
416,100,60,50.0,0.5,15.0,127,2.0,58.57,0.14397,0.0021,2.37497,201.805,202.814,359.82,0.16
417,100,60,60.0,0.2,15.0,127,0.5,22.42,0.02849,0.0001,2.42449,206.0122,207.0422,360.06,0.17
418,100,60,60.0,0.3,15.0,127,1.0,29.1,0.06062,0.0004,2.4091,204.705,205.7285,360.4,0.17
419,100,60,60.0,0.5,15.0,127,2.0,44.04,0.14045,0.002,2.40405,204.2756,205.297,359.79,0.17
420,100,80,30.0,0.2,15.0,127,0.5,64.92,0.02556,0.0001,3.20732,350.8855,352.64,380.07,0.22
421,100,80,30.0,0.3,15.0,127,1.0,84.62,0.10675,0.0011,3.15134,344.7605,346.4843,380.15,0.21
422,100,80,30.0,0.5,15.0,127,2.0,129.05,0.0927,0.0009,3.16948,346.7458,348.4795,380.08,0.22
423,100,80,40.0,0.2,15.0,127,0.5,41.83,0.02215,0.0,3.13346,342.8051,344.5192,379.9,0.22
424,100,80,40.0,0.3,15.0,127,1.0,54.45,0.05463,0.0003,3.1551,345.1719,346.8978,380.34,0.21
425,100,80,40.0,0.5,15.0,127,2.0,82.82,0.25292,0.0063,3.19959,350.039,351.7892,379.89,0.22
426,100,80,50.0,0.2,15.0,127,0.5,29.7,0.02443,0.0001,3.14935,344.5428,346.2655,380.04,0.22
427,100,80,50.0,0.3,15.0,127,1.0,38.6,0.05428,0.0003,3.12731,342.1318,343.8425,380.4,0.21
428,100,80,50.0,0.5,15.0,127,2.0,58.57,0.14457,0.0021,3.14823,344.4201,346.1422,379.56,0.22
429,100,80,60.0,0.2,15.0,127,0.5,22.42,0.02767,0.0001,3.10783,340.0012,341.7012,379.86,0.21
430,100,80,60.0,0.3,15.0,127,1.0,29.1,0.05956,0.0004,3.12466,341.8418,343.551,379.74,0.22
431,100,80,60.0,0.5,15.0,127,2.0,44.04,0.14079,0.002,3.18123,348.0305,349.7706,379.99,0.21
432,150,5,30.0,0.2,15.0,127,0.5,64.92,0.01806,0.0,0.20468,1.5396,1.5473,305.2,0.05
433,150,5,30.0,0.3,15.0,127,1.0,84.62,0.04507,0.0002,0.20549,1.5457,1.5534,304.52,0.05
434,150,5,30.0,0.5,15.0,127,2.0,129.05,0.23522,0.0056,0.20115,1.513,1.5206,305.01,0.05
435,150,5,40.0,0.2,15.0,127,0.5,41.83,0.01962,0.0,0.19876,1.4951,1.5026,304.94,0.05
436,150,5,40.0,0.3,15.0,127,1.0,54.45,0.04465,0.0002,0.20446,1.538,1.5457,305.1,0.05
437,150,5,40.0,0.5,15.0,127,2.0,82.82,0.11441,0.0013,0.20607,1.55,1.5578,304.93,0.05
438,150,5,50.0,0.2,15.0,127,0.5,29.7,0.02418,0.0001,0.19958,1.5013,1.5088,305.18,0.05
439,150,5,50.0,0.3,15.0,127,1.0,38.6,0.04963,0.0002,0.20051,1.5082,1.5158,304.59,0.05
440,150,5,50.0,0.5,15.0,127,2.0,58.57,0.11321,0.0013,0.2044,1.5375,1.5452,305.44,0.05
441,150,5,60.0,0.2,15.0,127,0.5,22.42,0.04961,0.0002,0.20265,1.5243,1.532,305.03,0.05
442,150,5,60.0,0.3,15.0,127,1.0,29.1,0.06114,0.0004,0.20196,1.5191,1.5267,304.83,0.05
443,150,5,60.0,0.5,15.0,127,2.0,44.04,0.12294,0.0015,0.20196,1.5191,1.5267,304.9,0.05
444,150,15,30.0,0.2,15.0,127,0.5,64.92,0.0178,0.0,0.60378,13.5286,13.5963,315.11,0.05
445,150,15,30.0,0.3,15.0,127,1.0,84.62,0.04402,0.0002,0.60085,13.4628,13.5301,315.13,0.05
446,150,15,30.0,0.5,15.0,127,2.0,129.05,0.23527,0.0056,0.60227,13.4946,13.5621,315.18,0.05
447,150,15,40.0,0.2,15.0,127,0.5,41.83,0.02,0.0,0.60657,13.5911,13.659,314.9,0.05
448,150,15,40.0,0.3,15.0,127,1.0,54.45,0.04424,0.0002,0.60654,13.5903,13.6582,314.85,0.05
449,150,15,40.0,0.5,15.0,127,2.0,82.82,0.11184,0.0013,0.60305,13.5121,13.5797,315.17,0.05
450,150,15,50.0,0.2,15.0,127,0.5,29.7,0.0241,0.0001,0.59551,13.3433,13.41,315.32,0.05
451,150,15,50.0,0.3,15.0,127,1.0,38.6,0.05013,0.0003,0.60634,13.5859,13.6538,315.41,0.05
452,150,15,50.0,0.5,15.0,127,2.0,58.57,0.11216,0.0013,0.60619,13.5826,13.6505,314.61,0.05
453,150,15,60.0,0.2,15.0,127,0.5,22.42,0.04922,0.0002,0.60187,13.4857,13.5531,315.2,0.05
454,150,15,60.0,0.3,15.0,127,1.0,29.1,0.06265,0.0004,0.61953,13.8814,13.9508,315.0,0.05
455,150,15,60.0,0.5,15.0,127,2.0,44.04,0.12181,0.0015,0.59905,13.4225,13.4896,315.07,0.05
456,150,30,30.0,0.2,15.0,127,0.5,64.92,0.01794,0.0,1.21177,53.6714,53.9398,330.14,0.09
457,150,30,30.0,0.3,15.0,127,1.0,84.62,0.04404,0.0002,1.19708,53.0211,53.2862,329.66,0.09
458,150,30,30.0,0.5,15.0,127,2.0,129.05,0.23909,0.0057,1.21887,53.9862,54.2561,329.64,0.09
459,150,30,40.0,0.2,15.0,127,0.5,41.83,0.01956,0.0,1.18115,52.3154,52.5769,330.19,0.09
460,150,30,40.0,0.3,15.0,127,1.0,54.45,0.04331,0.0002,1.18234,52.368,52.6298,330.03,0.09
461,150,30,40.0,0.5,15.0,127,2.0,82.82,0.1139,0.0013,1.2231,54.1734,54.4443,330.36,0.09
462,150,30,50.0,0.2,15.0,127,0.5,29.7,0.02409,0.0001,1.18552,52.5091,52.7716,329.99,0.09
463,150,30,50.0,0.3,15.0,127,1.0,38.6,0.05032,0.0003,1.21213,53.6878,53.9562,329.84,0.09
464,150,30,50.0,0.5,15.0,127,2.0,58.57,0.11148,0.0013,1.19993,53.1471,53.4128,330.02,0.09
465,150,30,60.0,0.2,15.0,127,0.5,22.42,0.04971,0.0002,1.21043,53.6123,53.8804,329.74,0.09
466,150,30,60.0,0.3,15.0,127,1.0,29.1,0.06273,0.0004,1.23534,54.7157,54.9893,330.05,0.09
467,150,30,60.0,0.5,15.0,127,2.0,44.04,0.12308,0.0015,1.20542,53.3905,53.6574,330.22,0.09
468,150,45,30.0,0.2,15.0,127,0.5,64.92,0.01743,0.0,1.75735,114.8393,115.4135,345.2,0.13
469,150,45,30.0,0.3,15.0,127,1.0,84.62,0.04429,0.0002,1.79586,117.3559,117.9427,344.97,0.14
470,150,45,30.0,0.5,15.0,127,2.0,129.05,0.23767,0.0056,1.80759,118.1228,118.7134,344.66,0.13
471,150,45,40.0,0.2,15.0,127,0.5,41.83,0.02014,0.0,1.81421,118.5557,119.1484,345.05,0.13
472,150,45,40.0,0.3,15.0,127,1.0,54.45,0.0452,0.0002,1.84105,120.3093,120.9109,345.18,0.13
473,150,45,40.0,0.5,15.0,127,2.0,82.82,0.11373,0.0013,1.82195,119.0615,119.6568,344.61,0.13
474,150,45,50.0,0.2,15.0,127,0.5,29.7,0.02477,0.0001,1.8186,118.8419,119.4361,345.59,0.14
475,150,45,50.0,0.3,15.0,127,1.0,38.6,0.04988,0.0003,1.79256,117.1405,117.7262,344.94,0.13
476,150,45,50.0,0.5,15.0,127,2.0,58.57,0.11001,0.0012,1.76657,115.4424,116.0196,345.08,0.13
477,150,45,60.0,0.2,15.0,127,0.5,22.42,0.05105,0.0003,1.8546,121.1945,121.8004,344.78,0.13
478,150,45,60.0,0.3,15.0,127,1.0,29.1,0.06059,0.0004,1.77989,116.3126,116.8942,345.0,0.13
479,150,45,60.0,0.5,15.0,127,2.0,44.04,0.12557,0.0016,1.83462,119.8893,120.4887,345.21,0.12
480,150,60,30.0,0.2,15.0,127,0.5,64.92,0.01799,0.0,2.40283,204.1723,205.1932,359.91,0.17
481,150,60,30.0,0.3,15.0,127,1.0,84.62,0.04411,0.0002,2.36942,201.3329,202.3396,359.84,0.17
482,150,60,30.0,0.5,15.0,127,2.0,129.05,0.23688,0.0056,2.3868,202.8096,203.8237,359.72,0.17
483,150,60,40.0,0.2,15.0,127,0.5,41.83,0.01981,0.0,2.36396,200.8692,201.8735,360.05,0.17
484,150,60,40.0,0.3,15.0,127,1.0,54.45,0.04397,0.0002,2.37278,201.6186,202.6267,359.82,0.17
485,150,60,40.0,0.5,15.0,127,2.0,82.82,0.11226,0.0013,2.38251,202.4453,203.4575,360.33,0.17
486,150,60,50.0,0.2,15.0,127,0.5,29.7,0.02508,0.0001,2.43946,207.2847,208.3211,360.2,0.16
487,150,60,50.0,0.3,15.0,127,1.0,38.6,0.05062,0.0003,2.40976,204.7611,205.7849,360.24,0.17
488,150,60,50.0,0.5,15.0,127,2.0,58.57,0.11398,0.0013,2.42489,206.0467,207.077,359.83,0.18
489,150,60,60.0,0.2,15.0,127,0.5,22.42,0.04825,0.0002,2.32237,197.3353,198.322,359.86,0.16
490,150,60,60.0,0.3,15.0,127,1.0,29.1,0.06192,0.0004,2.41007,204.7872,205.8112,360.04,0.17
491,150,60,60.0,0.5,15.0,127,2.0,44.04,0.12262,0.0015,2.37356,201.6853,202.6937,359.91,0.17
492,150,80,30.0,0.2,15.0,127,0.5,64.92,0.01794,0.0,3.16328,346.0668,347.7971,379.85,0.22
493,150,80,30.0,0.3,15.0,127,1.0,84.62,0.04398,0.0002,3.11888,341.2096,342.9156,379.82,0.23
494,150,80,30.0,0.5,15.0,127,2.0,129.05,0.237,0.0056,3.15244,344.8807,346.6051,379.84,0.23
495,150,80,40.0,0.2,15.0,127,0.5,41.83,0.02021,0.0,3.18374,348.3057,350.0473,379.72,0.22
496,150,80,40.0,0.3,15.0,127,1.0,54.45,0.04432,0.0002,3.15661,345.3376,347.0643,379.95,0.22
497,150,80,40.0,0.5,15.0,127,2.0,82.82,0.11313,0.0013,3.16948,346.7455,348.4792,379.91,0.22
498,150,80,50.0,0.2,15.0,127,0.5,29.7,0.02394,0.0001,3.07358,336.2535,337.9348,380.05,0.2
499,150,80,50.0,0.3,15.0,127,1.0,38.6,0.05078,0.0003,3.19125,349.1268,350.8724,380.32,0.22
500,150,80,50.0,0.5,15.0,127,2.0,58.57,0.11122,0.0013,3.1236,341.7261,343.4347,379.88,0.21
501,150,80,60.0,0.2,15.0,127,0.5,22.42,0.05003,0.0002,3.17885,347.77,349.5089,380.04,0.22
502,150,80,60.0,0.3,15.0,127,1.0,29.1,0.06248,0.0004,3.21003,351.1822,352.9381,380.28,0.23
503,150,80,60.0,0.5,15.0,127,2.0,44.04,0.12248,0.0015,3.12971,342.3943,344.1062,380.14,0.21
504,200,5,30.0,0.2,15.0,127,0.5,64.92,0.01607,0.0,0.20018,1.5058,1.5133,305.04,0.05
505,200,5,30.0,0.3,15.0,127,1.0,84.62,0.03731,0.0001,0.2048,1.5406,1.5483,305.01,0.05
506,200,5,30.0,0.5,15.0,127,2.0,129.05,0.10518,0.0011,0.2022,1.521,1.5286,304.92,0.05
507,200,5,40.0,0.2,15.0,127,0.5,41.83,0.01984,0.0,0.20226,1.5214,1.5291,304.75,0.05
508,200,5,40.0,0.3,15.0,127,1.0,54.45,0.0414,0.0002,0.2014,1.5149,1.5225,304.75,0.05
509,200,5,40.0,0.5,15.0,127,2.0,82.82,0.09499,0.0009,0.20388,1.5336,1.5412,304.93,0.05
510,200,5,50.0,0.2,15.0,127,0.5,29.7,0.03974,0.0002,0.20254,1.5235,1.5311,305.06,0.05
511,200,5,50.0,0.3,15.0,127,1.0,38.6,0.05036,0.0003,0.19522,1.4685,1.4758,304.9,0.05
512,200,5,50.0,0.5,15.0,127,2.0,58.57,0.1062,0.0011,0.20635,1.5522,1.5599,304.78,0.05
513,200,5,60.0,0.2,15.0,127,0.5,22.42,0.02857,0.0001,0.20368,1.5321,1.5397,304.48,0.05
514,200,5,60.0,0.3,15.0,127,1.0,29.1,0.08498,0.0007,0.20201,1.5195,1.5271,305.29,0.05
515,200,5,60.0,0.5,15.0,127,2.0,44.04,0.12291,0.0015,0.20639,1.5525,1.5603,304.95,0.05
516,200,15,30.0,0.2,15.0,127,0.5,64.92,0.01589,0.0,0.59286,13.2838,13.3502,314.66,0.05
517,200,15,30.0,0.3,15.0,127,1.0,84.62,0.03637,0.0001,0.59765,13.3911,13.4581,315.24,0.05
518,200,15,30.0,0.5,15.0,127,2.0,129.05,0.1048,0.0011,0.60315,13.5145,13.5821,315.15,0.05
519,200,15,40.0,0.2,15.0,127,0.5,41.83,0.01997,0.0,0.60942,13.6549,13.7232,315.19,0.05
520,200,15,40.0,0.3,15.0,127,1.0,54.45,0.04258,0.0002,0.62017,13.8958,13.9652,314.66,0.05
521,200,15,40.0,0.5,15.0,127,2.0,82.82,0.09323,0.0009,0.599,13.4214,13.4885,315.15,0.05
522,200,15,50.0,0.2,15.0,127,0.5,29.7,0.03855,0.0002,0.58815,13.1784,13.2443,314.95,0.05
523,200,15,50.0,0.3,15.0,127,1.0,38.6,0.05255,0.0003,0.60977,13.6628,13.7311,315.03,0.05
524,200,15,50.0,0.5,15.0,127,2.0,58.57,0.10415,0.0011,0.60581,13.5739,13.6418,314.96,0.05
525,200,15,60.0,0.2,15.0,127,0.5,22.42,0.02848,0.0001,0.60787,13.6201,13.6882,314.84,0.05
526,200,15,60.0,0.3,15.0,127,1.0,29.1,0.08666,0.0007,0.61663,13.8165,13.8856,314.76,0.05
527,200,15,60.0,0.5,15.0,127,2.0,44.04,0.12206,0.0015,0.61357,13.7478,13.8165,315.36,0.05
528,200,30,30.0,0.2,15.0,127,0.5,64.92,0.016,0.0,1.18841,52.6371,52.9003,329.71,0.09
529,200,30,30.0,0.3,15.0,127,1.0,84.62,0.03655,0.0001,1.19624,52.9838,53.2487,330.04,0.09
530,200,30,30.0,0.5,15.0,127,2.0,129.05,0.1068,0.0011,1.22402,54.2143,54.4854,330.03,0.08
531,200,30,40.0,0.2,15.0,127,0.5,41.83,0.01968,0.0,1.19591,52.9694,53.2342,329.97,0.09
532,200,30,40.0,0.3,15.0,127,1.0,54.45,0.04217,0.0002,1.22318,54.1772,54.4481,330.16,0.09
533,200,30,40.0,0.5,15.0,127,2.0,82.82,0.09256,0.0009,1.18439,52.4588,52.7211,329.93,0.09
534,200,30,50.0,0.2,15.0,127,0.5,29.7,0.03979,0.0002,1.20892,53.5452,53.8129,329.93,0.1
535,200,30,50.0,0.3,15.0,127,1.0,38.6,0.05305,0.0003,1.22599,54.3014,54.5729,330.03,0.09
536,200,30,50.0,0.5,15.0,127,2.0,58.57,0.10616,0.0011,1.22972,54.4666,54.7389,330.08,0.09
537,200,30,60.0,0.2,15.0,127,0.5,22.42,0.02844,0.0001,1.20913,53.5547,53.8224,330.11,0.09
538,200,30,60.0,0.3,15.0,127,1.0,29.1,0.08448,0.0007,1.19711,53.0223,53.2874,329.86,0.09
539,200,30,60.0,0.5,15.0,127,2.0,44.04,0.1199,0.0014,1.20028,53.1629,53.4287,329.88,0.09
540,200,45,30.0,0.2,15.0,127,0.5,64.92,0.0161,0.0,1.78387,116.5727,117.1555,344.93,0.13
541,200,45,30.0,0.3,15.0,127,1.0,84.62,0.03709,0.0001,1.81097,118.3433,118.935,345.12,0.13
542,200,45,30.0,0.5,15.0,127,2.0,129.05,0.10552,0.0011,1.80419,117.9005,118.49,345.21,0.13
543,200,45,40.0,0.2,15.0,127,0.5,41.83,0.01972,0.0,1.78829,116.8617,117.446,344.77,0.13
544,200,45,40.0,0.3,15.0,127,1.0,54.45,0.04149,0.0002,1.79545,117.3294,117.916,344.82,0.13
545,200,45,40.0,0.5,15.0,127,2.0,82.82,0.09556,0.0009,1.82433,119.2164,119.8124,345.04,0.14
546,200,45,50.0,0.2,15.0,127,0.5,29.7,0.04029,0.0002,1.82645,119.3551,119.9518,344.94,0.13
547,200,45,50.0,0.3,15.0,127,1.0,38.6,0.05231,0.0003,1.80351,117.8558,118.4451,344.59,0.14
548,200,45,50.0,0.5,15.0,127,2.0,58.57,0.10604,0.0011,1.83261,119.7575,120.3563,344.4,0.13
549,200,45,60.0,0.2,15.0,127,0.5,22.42,0.02797,0.0001,1.77357,115.8994,116.4789,345.31,0.13
550,200,45,60.0,0.3,15.0,127,1.0,29.1,0.08514,0.0007,1.80005,117.63,118.2182,345.04,0.13
551,200,45,60.0,0.5,15.0,127,2.0,44.04,0.1224,0.0015,1.8281,119.4631,120.0604,344.79,0.13
552,200,60,30.0,0.2,15.0,127,0.5,64.92,0.0163,0.0,2.39302,203.3382,204.3549,359.88,0.17
553,200,60,30.0,0.3,15.0,127,1.0,84.62,0.03716,0.0001,2.4035,204.2288,205.2499,359.8,0.17
554,200,60,30.0,0.5,15.0,127,2.0,129.05,0.10636,0.0011,2.40936,204.7266,205.7502,359.78,0.17
555,200,60,40.0,0.2,15.0,127,0.5,41.83,0.02012,0.0,2.41626,205.3134,206.34,359.74,0.16
556,200,60,40.0,0.3,15.0,127,1.0,54.45,0.0412,0.0002,2.36164,200.6718,201.6752,360.01,0.17
557,200,60,40.0,0.5,15.0,127,2.0,82.82,0.09505,0.0009,2.40378,204.2532,205.2744,359.67,0.17
558,200,60,50.0,0.2,15.0,127,0.5,29.7,0.04,0.0002,2.40233,204.13,205.1506,359.93,0.17
559,200,60,50.0,0.3,15.0,127,1.0,38.6,0.05228,0.0003,2.3877,202.8861,203.9005,360.17,0.16
560,200,60,50.0,0.5,15.0,127,2.0,58.57,0.10586,0.0011,2.42369,205.9448,206.9745,359.84,0.17
561,200,60,60.0,0.2,15.0,127,0.5,22.42,0.02822,0.0001,2.37104,201.471,202.4784,359.87,0.16
562,200,60,60.0,0.3,15.0,127,1.0,29.1,0.08634,0.0007,2.41826,205.4833,206.5108,360.18,0.18
563,200,60,60.0,0.5,15.0,127,2.0,44.04,0.12155,0.0015,2.40496,204.3529,205.3746,360.2,0.18
564,200,80,30.0,0.2,15.0,127,0.5,64.92,0.01609,0.0,3.11953,341.2813,342.9877,379.63,0.21
565,200,80,30.0,0.3,15.0,127,1.0,84.62,0.03726,0.0001,3.18153,348.0638,349.8041,379.71,0.21
566,200,80,30.0,0.5,15.0,127,2.0,129.05,0.10653,0.0011,3.1855,348.4984,350.2408,380.23,0.22
567,200,80,40.0,0.2,15.0,127,0.5,41.83,0.01969,0.0,3.12255,341.6111,343.3192,380.14,0.21
568,200,80,40.0,0.3,15.0,127,1.0,54.45,0.0411,0.0002,3.11045,340.2873,341.9887,379.88,0.21
569,200,80,40.0,0.5,15.0,127,2.0,82.82,0.09448,0.0009,3.15444,345.0997,346.8252,379.65,0.22
570,200,80,50.0,0.2,15.0,127,0.5,29.7,0.04015,0.0002,3.18299,348.2235,349.9646,380.08,0.2
571,200,80,50.0,0.3,15.0,127,1.0,38.6,0.05263,0.0003,3.17312,347.1439,348.8796,379.78,0.22
572,200,80,50.0,0.5,15.0,127,2.0,58.57,0.10431,0.0011,3.15255,344.8935,346.618,380.08,0.22
573,200,80,60.0,0.2,15.0,127,0.5,22.42,0.02831,0.0001,3.13989,343.5086,345.2262,379.88,0.22
574,200,80,60.0,0.3,15.0,127,1.0,29.1,0.08546,0.0007,3.15967,345.6717,347.4,380.14,0.23
575,200,80,60.0,0.5,15.0,127,2.0,44.04,0.11938,0.0014,3.11814,341.1285,342.8341,380.27,0.21
